movie_id,title,release_date,movie_url
27082927,醉佳导演,2018-01-05,https://movie.douban.com/subject/27082927/
27199690,我来过,2018-01-05,https://movie.douban.com/subject/27199690/
22265634,星球大战八：最后的绝地武士,2018-01-05,https://movie.douban.com/subject/22265634/
27614421,只想好好和你在一起,2018-01-05,https://movie.douban.com/subject/27614421/
26631663,尼斯·疯狂的心,2018-01-05,https://movie.douban.com/subject/26631663/
27170581,天籁梦想,2018-01-09,https://movie.douban.com/subject/27170581/
6874741,无问西东,2018-01-12,https://movie.douban.com/subject/6874741/
26984538,卧底巨星,2018-01-12,https://movie.douban.com/subject/26984538/
26586766,勇敢者游戏：决战丛林,2018-01-12,https://movie.douban.com/subject/26586766/
27073291,太空救援,2018-01-12,https://movie.douban.com/subject/27073291/
27199679,时空终点,2018-01-12,https://movie.douban.com/subject/27199679/
26954003,大世界,2018-01-12,https://movie.douban.com/subject/26954003/
27017988,丢心,2018-01-12,https://movie.douban.com/subject/27017988/
2133433,迷镇凶案,2018-01-12,https://movie.douban.com/subject/2133433/
1293796,大寒,2018-01-12,https://movie.douban.com/subject/1293796/
26996415,红月亮之武陵山歌,2018-01-15,https://movie.douban.com/subject/26996415/
11615929,我的影子在奔跑,2018-01-16,https://movie.douban.com/subject/11615929/
26628256,一个人的课堂,2018-01-16,https://movie.douban.com/subject/26628256/
27601920,芒刺,2018-01-16,https://movie.douban.com/subject/27601920/
26827040,英雄本色2018,2018-01-18,https://movie.douban.com/subject/26827040/
26612285,谜巢,2018-01-19,https://movie.douban.com/subject/26612285/
25846857,公牛历险记,2018-01-19,https://movie.douban.com/subject/25846857/
26787574,奇迹男孩,2018-01-19,https://movie.douban.com/subject/26787574/
26942674,神秘巨星,2018-01-19,https://movie.douban.com/subject/26942674/
4849728,第一夫人,2018-01-19,https://movie.douban.com/subject/4849728/
27661668,天使的声音,2018-01-20,https://movie.douban.com/subject/27661668/
27179424,敦煌不了情,2018-01-23,https://movie.douban.com/subject/27179424/
27063331,大雪冬至,2018-01-25,https://movie.douban.com/subject/27063331/
26004132,移动迷宫三：死亡解药,2018-01-26,https://movie.douban.com/subject/26004132/
26724807,二十四小时:末路重生,2018-01-26,https://movie.douban.com/subject/26724807/
26606761,五度空间,2018-01-26,https://movie.douban.com/subject/26606761/
2256010,半个月亮,2018-01-26,https://movie.douban.com/subject/2256010/
2338070,绝命时钟2：22,2018-01-26,https://movie.douban.com/subject/2338070/
26666947,S4侠降魔记,2018-01-26,https://movie.douban.com/subject/26666947/
26548048,麦兵兵,2018-01-27,https://movie.douban.com/subject/26548048/
27156899,梭哈人生,2018-01-30,https://movie.douban.com/subject/27156899/
3914513,马戏之王,2018-02-01,https://movie.douban.com/subject/3914513/
26873029,时空偷渡少女,2018-02-01,https://movie.douban.com/subject/26873029/
26597804,毕业旅行笑翻天,2018-02-01,https://movie.douban.com/subject/26597804/
27621546,小狗奶瓶,2018-02-02,https://movie.douban.com/subject/27621546/
26742730,浪矢解忧杂货店,2018-02-02,https://movie.douban.com/subject/26742730/
26628329,南极之恋,2018-02-02,https://movie.douban.com/subject/26628329/
26176481,小马宝莉大电影,2018-02-02,https://movie.douban.com/subject/26176481/
27200821,余额不足,2018-02-02,https://movie.douban.com/subject/27200821/
27605297,金龟子,2018-02-02,https://movie.douban.com/subject/27605297/
26415327,盲·道,2018-02-02,https://movie.douban.com/subject/26415327/
27027913,忌日快乐,2018-02-02,https://movie.douban.com/subject/27027913/
27663995,莫名我就喜欢你,2018-02-02,https://movie.douban.com/subject/27663995/
26909507,狗狗的疯狂假期,2018-02-02,https://movie.douban.com/subject/26909507/
30273078,坏爸爸,2018-02-02,https://movie.douban.com/subject/30273078/
26796845,莫斯科陷落,2018-02-02,https://movie.douban.com/subject/26796845/
27194329,我和“叛徒”老爸,2018-02-03,https://movie.douban.com/subject/27194329/
26857951,大导归来,2018-02-09,https://movie.douban.com/subject/26857951/
26944076,泡芙小姐,2018-02-09,https://movie.douban.com/subject/26944076/
27667817,疯狂熊孩子,2018-02-09,https://movie.douban.com/subject/27667817/
27661976,无迹可寻,2018-02-09,https://movie.douban.com/subject/27661976/
30125762,熊猫石的奇幻旅行,2018-02-09,https://movie.douban.com/subject/30125762/
30134714,爱情的单程列车,2018-02-14,https://movie.douban.com/subject/30134714/
25829175,西游记女儿国,2018-02-16,https://movie.douban.com/subject/25829175/
26575103,捉妖记二,2018-02-16,https://movie.douban.com/subject/26575103/
26861685,红海行动,2018-02-16,https://movie.douban.com/subject/26861685/
26698897,唐人街探案二,2018-02-16,https://movie.douban.com/subject/26698897/
27114417,祖宗十九代,2018-02-16,https://movie.douban.com/subject/27114417/
27176717,熊出没·变形记,2018-02-16,https://movie.douban.com/subject/27176717/
30136561,名将之后,2018-02-17,https://movie.douban.com/subject/30136561/
27622779,小城轶事之人怕出名猪怕壮,2018-02-20,https://movie.douban.com/subject/27622779/
3036465,爱在记忆消逝前,2018-02-23,https://movie.douban.com/subject/3036465/
26898855,翻滚吧姐妹,2018-03-01,https://movie.douban.com/subject/26898855/
26611804,三块广告牌,2018-03-02,https://movie.douban.com/subject/26611804/
25856453,闺蜜二：无二不作,2018-03-02,https://movie.douban.com/subject/25856453/
26836837,宇宙有爱浪漫同游,2018-03-02,https://movie.douban.com/subject/26836837/
26995719,金钱世界,2018-03-02,https://movie.douban.com/subject/26995719/
26393561,小萝莉的猴神大叔,2018-03-02,https://movie.douban.com/subject/26393561/
30152451,厉害了，我的国,2018-03-02,https://movie.douban.com/subject/30152451/
26649604,比得兔,2018-03-02,https://movie.douban.com/subject/26649604/
6402151,勇者闯魔城,2018-03-02,https://movie.douban.com/subject/6402151/
28446693,落绕,2018-03-02,https://movie.douban.com/subject/28446693/
27180882,疯狂的公牛,2018-03-08,https://movie.douban.com/subject/27180882/
25899334,飞鸟历险记,2018-03-08,https://movie.douban.com/subject/25899334/
30159520,对戒,2018-03-08,https://movie.douban.com/subject/30159520/
30167997,黑豹,2018-03-09,https://movie.douban.com/subject/30167997/
27085923,灵魂当铺之时间典当,2018-03-09,https://movie.douban.com/subject/27085923/
26603666,妈妈咪鸭,2018-03-09,https://movie.douban.com/subject/26603666/
26972275,恋爱回旋,2018-03-09,https://movie.douban.com/subject/26972275/
26984234,玲珑井,2018-03-16,https://movie.douban.com/subject/26984234/
26731790,十七后 与青春化敌为友,2018-03-16,https://movie.douban.com/subject/26731790/
26752852,水形物语,2018-03-16,https://movie.douban.com/subject/26752852/
27076492,虎皮萌企鹅,2018-03-16,https://movie.douban.com/subject/27076492/
27042405,大坏狐狸的故事,2018-03-16,https://movie.douban.com/subject/27042405/
3445906,古墓丽影：源起之战,2018-03-16,https://movie.douban.com/subject/3445906/
30162172,出山记,2018-03-23,https://movie.douban.com/subject/30162172/
20435622,环太平洋二：雷霆再起,2018-03-23,https://movie.douban.com/subject/20435622/
26661194,脱皮爸爸,2018-03-23,https://movie.douban.com/subject/26661194/
26828415,青春24秒,2018-03-23,https://movie.douban.com/subject/26828415/
26737491,无眸之杀,2018-03-23,https://movie.douban.com/subject/26737491/
26846031,萌犬好声音,2018-03-24,https://movie.douban.com/subject/26846031/
27072634,河间圣手,2018-03-29,https://movie.douban.com/subject/27072634/
26967920,遇见你真好,2018-03-29,https://movie.douban.com/subject/26967920/
26952153,第三度嫌疑人,2018-03-30,https://movie.douban.com/subject/26952153/
10574490,约会大师,2018-03-30,https://movie.douban.com/subject/10574490/
26806316,我说的都是真的,2018-03-30,https://movie.douban.com/subject/26806316/
27198129,爱的帕斯卡,2018-03-30,https://movie.douban.com/subject/27198129/
27196380,花滑女王,2018-03-30,https://movie.douban.com/subject/27196380/
26313740,玩命,2018-03-30,https://movie.douban.com/subject/26313740/
4920389,头号玩家,2018-03-30,https://movie.douban.com/subject/4920389/
7056414,通勤营救,2018-03-30,https://movie.douban.com/subject/7056414/
26715485,三伏天,2018-03-30,https://movie.douban.com/subject/26715485/
30176977,二麻租媳妇,2018-03-31,https://movie.douban.com/subject/30176977/
26718803,奇葩朵朵,2018-04-04,https://movie.douban.com/subject/26718803/
26593732,清水里的刀子,2018-04-04,https://movie.douban.com/subject/26593732/
26647117,暴裂无声,2018-04-04,https://movie.douban.com/subject/26647117/
26942631,起跑线,2018-04-04,https://movie.douban.com/subject/26942631/
27114911,猫与桃花源,2018-04-05,https://movie.douban.com/subject/27114911/
26588783,冰雪女王三：火与冰,2018-04-05,https://movie.douban.com/subject/26588783/
26384741,湮灭,2018-04-13,https://movie.douban.com/subject/26384741/
25727544,寻找罗麦,2018-04-13,https://movie.douban.com/subject/25727544/
26022319,西北风云,2018-04-13,https://movie.douban.com/subject/26022319/
26692647,毕业作品,2018-04-13,https://movie.douban.com/subject/26692647/
1892134,夺命来电,2018-04-13,https://movie.douban.com/subject/1892134/
30180521,二师兄来了,2018-04-13,https://movie.douban.com/subject/30180521/
30171599,青春后驱动,2018-04-13,https://movie.douban.com/subject/30171599/
26430636,狂暴巨兽,2018-04-13,https://movie.douban.com/subject/26430636/
27200820,凌晨两点半,2018-04-13,https://movie.douban.com/subject/27200820/
30183443,壹号别墅,2018-04-19,https://movie.douban.com/subject/30183443/
27077266,米花之味,2018-04-20,https://movie.douban.com/subject/27077266/
26602305,二十一克拉,2018-04-20,https://movie.douban.com/subject/26602305/
26661189,脱单告急,2018-04-20,https://movie.douban.com/subject/26661189/
26760161,冰封迷案,2018-04-20,https://movie.douban.com/subject/26760161/
26640371,犬之岛,2018-04-20,https://movie.douban.com/subject/26640371/
27149979,理想之路,2018-04-20,https://movie.douban.com/subject/27149979/
30188193,求求你爱上我,2018-04-20,https://movie.douban.com/subject/30188193/
27592569,雪葬,2018-04-27,https://movie.douban.com/subject/27592569/
26935777,玛丽与魔女之花,2018-04-28,https://movie.douban.com/subject/26935777/
25881611,战神纪,2018-04-28,https://movie.douban.com/subject/25881611/
26924141,低压槽：欲望之城,2018-04-28,https://movie.douban.com/subject/26924141/
26715657,幕后玩家,2018-04-28,https://movie.douban.com/subject/26715657/
26683723,后来的我们,2018-04-28,https://movie.douban.com/subject/26683723/
30187395,午夜十二点,2018-04-28,https://movie.douban.com/subject/30187395/
26868408,黄金花,2018-04-28,https://movie.douban.com/subject/26868408/
30198302,尖叫直播,2018-04-29,https://movie.douban.com/subject/30198302/
30183489,小公主艾薇拉与神秘王国,2018-04-29,https://movie.douban.com/subject/30183489/
26769474,香港大营救,2018-05-04,https://movie.douban.com/subject/26769474/
26420932,巴霍巴利王二：终结,2018-05-04,https://movie.douban.com/subject/26420932/
27148201,我们的青春岁月,2018-05-04,https://movie.douban.com/subject/27148201/
5330387,青年马克思,2018-05-05,https://movie.douban.com/subject/5330387/
30183444,任性的硬币,2018-05-07,https://movie.douban.com/subject/30183444/
26968024,我是你妈,2018-05-11,https://movie.douban.com/subject/26968024/
26610786,战犬瑞克斯,2018-05-11,https://movie.douban.com/subject/26610786/
26241770,破门,2018-05-11,https://movie.douban.com/subject/26241770/
24773958,复仇者联盟三：无限战争（上）,2018-05-11,https://movie.douban.com/subject/24773958/
26720366,寻找女神·娇阿依,2018-05-11,https://movie.douban.com/subject/26720366/
26682831,天梦,2018-05-11,https://movie.douban.com/subject/26682831/
27608425,亲爱的，我要和别人结婚了,2018-05-12,https://movie.douban.com/subject/27608425/
26942631,天下父母,2018-05-13,https://movie.douban.com/subject/26942631/
30212331,找爱之旅,2018-05-16,https://movie.douban.com/subject/30212331/
26909423,路过未来,2018-05-17,https://movie.douban.com/subject/26909423/
27065636,七号公馆,2018-05-18,https://movie.douban.com/subject/27065636/
30167129,荒城纪,2018-05-18,https://movie.douban.com/subject/30167129/
26997663,寂静之地,2018-05-18,https://movie.douban.com/subject/26997663/
27133303,超时空同居,2018-05-18,https://movie.douban.com/subject/27133303/
26877106,昼颜 电影版,2018-05-18,https://movie.douban.com/subject/26877106/
30207684,火魔高跟鞋,2018-05-18,https://movie.douban.com/subject/30207684/
30176809,擒贼先擒王,2018-05-18,https://movie.douban.com/subject/30176809/
30197981,时间暗局,2018-05-25,https://movie.douban.com/subject/30197981/
26799232,西小河的夏天,2018-05-25,https://movie.douban.com/subject/26799232/
27041538,神谕通天,2018-05-25,https://movie.douban.com/subject/27041538/
25918677,命运速递,2018-05-25,https://movie.douban.com/subject/25918677/
26614893,完美陌生人,2018-05-25,https://movie.douban.com/subject/26614893/
25900947,游侠索罗：星球大战外传,2018-05-25,https://movie.douban.com/subject/25900947/
30197104,雾都神探之绝情箭,2018-05-25,https://movie.douban.com/subject/30197104/
30212356,策反,2018-05-26,https://movie.douban.com/subject/30212356/
25836137,爱是永恒,2018-05-29,https://movie.douban.com/subject/25836137/
26931155,给十九岁的我自己,2018-05-29,https://movie.douban.com/subject/26931155/
27043980,我的宠物恐龙,2018-05-31,https://movie.douban.com/subject/27043980/
30234931,三界,2018-05-31,https://movie.douban.com/subject/30234931/
30146980,潜艇总动员：海底两万里,2018-06-01,https://movie.douban.com/subject/30146980/
30215891,寻找雪山,2018-06-01,https://movie.douban.com/subject/30215891/
30210411,毛骨悚然之红衣男孩,2018-06-01,https://movie.douban.com/subject/30210411/
30166791,魔镜奇缘二,2018-06-01,https://movie.douban.com/subject/30166791/
27069070,哆啦A梦：大雄的金银岛,2018-06-01,https://movie.douban.com/subject/27069070/
27087885,我想和你们在一起,2018-06-01,https://movie.douban.com/subject/27087885/
30215189,蓝色金鱼,2018-06-04,https://movie.douban.com/subject/30215189/
27157647,暗夜良人,2018-06-06,https://movie.douban.com/subject/27157647/
26949264,深海越狱,2018-06-08,https://movie.douban.com/subject/26949264/
26813286,幸福马上来,2018-06-08,https://movie.douban.com/subject/26813286/
26864182,一纸婚约,2018-06-08,https://movie.douban.com/subject/26864182/
30230515,那年，我还没长大,2018-06-08,https://movie.douban.com/subject/30230515/
27098062,别让爱情走弯路,2018-06-08,https://movie.douban.com/subject/27098062/
26942645,厕所英雄,2018-06-08,https://movie.douban.com/subject/26942645/
30205398,因果启示录,2018-06-08,https://movie.douban.com/subject/30205398/
30212351,恐怖浴室,2018-06-08,https://movie.douban.com/subject/30212351/
30211728,一个人的江湖,2018-06-08,https://movie.douban.com/subject/30211728/
30217368,盯上小偷的贼,2018-06-08,https://movie.douban.com/subject/30217368/
30133750,疯狂这一年,2018-06-15,https://movie.douban.com/subject/30133750/
30198241,时间监狱,2018-06-15,https://movie.douban.com/subject/30198241/
2342687,家,2018-06-15,https://movie.douban.com/subject/2342687/
27195080,泄密者,2018-06-15,https://movie.douban.com/subject/27195080/
26425435,泡菜爱上小龙虾,2018-06-15,https://movie.douban.com/subject/26425435/
26888820,血十三,2018-06-15,https://movie.douban.com/subject/26888820/
26818314,猛虫过江,2018-06-15,https://movie.douban.com/subject/26818314/
26416062,侏罗纪世界二,2018-06-15,https://movie.douban.com/subject/26416062/
26791910,吃货宇宙,2018-06-16,https://movie.douban.com/subject/26791910/
30224724,疯狂的麻将,2018-06-16,https://movie.douban.com/subject/30224724/
25971649,第七个小矮人,2018-06-16,https://movie.douban.com/subject/25971649/
27166974,监狱犬计划,2018-06-21,https://movie.douban.com/subject/27166974/
26990268,凤凰城遗忘录,2018-06-22,https://movie.douban.com/subject/26990268/
25849049,超人总动员二,2018-06-22,https://movie.douban.com/subject/25849049/
26677141,伊阿索密码,2018-06-22,https://movie.douban.com/subject/26677141/
26992383,龙虾刑警,2018-06-22,https://movie.douban.com/subject/26992383/
26815162,生存家族,2018-06-22,https://movie.douban.com/subject/26815162/
30230633,致命夺宝,2018-06-22,https://movie.douban.com/subject/30230633/
30183834,出走的娜拉,2018-06-23,https://movie.douban.com/subject/30183834/
1305690,阿飞正传,2018-06-25,https://movie.douban.com/subject/1305690/
27175526,明天有多远,2018-06-26,https://movie.douban.com/subject/27175526/
3838052,马兰花开,2018-06-26,https://movie.douban.com/subject/3838052/
27667334,暹罗决：九神战甲,2018-06-29,https://movie.douban.com/subject/27667334/
26905469,金蝉脱壳二,2018-06-29,https://movie.douban.com/subject/26905469/
24843621,地下凶猛,2018-06-29,https://movie.douban.com/subject/24843621/
26925317,动物世界,2018-06-29,https://movie.douban.com/subject/26925317/
27045333,凤皇传,2018-06-29,https://movie.douban.com/subject/27045333/
27202825,最后一球,2018-06-29,https://movie.douban.com/subject/27202825/
1466493,姽婳,2018-06-29,https://movie.douban.com/celebrity/1466493/
27622690,青春不留白,2018-06-29,https://movie.douban.com/subject/27622690/
26951955,恋爱101度,2018-06-29,https://movie.douban.com/subject/26951955/
26775743,快乐星球之三十六号,2018-06-30,https://movie.douban.com/subject/26775743/
26614101,红盾先锋,2018-07-01,https://movie.douban.com/subject/26614101/
26725114,心灵救赎,2018-07-02,https://movie.douban.com/subject/26725114/
26752088,我不是药神,2018-07-05,https://movie.douban.com/subject/26752088/
30235134,细思极恐,2018-07-06,https://movie.douban.com/subject/30235134/
30255216,您一定不要错过,2018-07-06,https://movie.douban.com/subject/30255216/
1296623,只能活一个,2018-07-06,https://movie.douban.com/subject/1296623/
30198729,新大头儿子和小头爸爸三：俄罗斯奇遇记,2018-07-06,https://movie.douban.com/subject/30198729/
30261979,左滩,2018-07-07,https://movie.douban.com/subject/30261979/
27053277,格桑花开的时候,2018-07-12,https://movie.douban.com/subject/27053277/
30183825,海龙屯,2018-07-13,https://movie.douban.com/subject/30183825/
26366496,邪不压正,2018-07-13,https://movie.douban.com/subject/26366496/
26746958,阿修罗,2018-07-13,https://movie.douban.com/subject/26746958/
30249257,天佑之爱,2018-07-13,https://movie.douban.com/subject/30249257/
30227725,小悟空,2018-07-14,https://movie.douban.com/subject/30227725/
30252555,八只鸡,2018-07-19,https://movie.douban.com/subject/30252555/
30262110,闺蜜的战争,2018-07-20,https://movie.douban.com/subject/30262110/
26930056,汪星卧底,2018-07-20,https://movie.douban.com/subject/26930056/
26660063,淘气大侦探,2018-07-20,https://movie.douban.com/subject/26660063/
25881500,玛雅蜜蜂历险记,2018-07-20,https://movie.douban.com/subject/25881500/
26988003,兄弟班,2018-07-20,https://movie.douban.com/subject/26988003/
27079318,北方一片苍茫,2018-07-20,https://movie.douban.com/subject/27079318/
26804147,摩天营救,2018-07-20,https://movie.douban.com/subject/26804147/
26253783,神奇马戏团,2018-07-21,https://movie.douban.com/subject/26253783/
26974912,请把生命交给我,2018-07-25,https://movie.douban.com/subject/26974912/
25882296,狄仁杰之四大天王,2018-07-27,https://movie.douban.com/subject/25882296/
27605698,西虹市首富,2018-07-27,https://movie.douban.com/subject/27605698/
30252429,文朝荣,2018-07-28,https://movie.douban.com/subject/30252429/
27180974,浴血广昌,2018-08-01,https://movie.douban.com/subject/27180974/
27622447,小偷家族,2018-08-03,https://movie.douban.com/subject/27622447/
26754880,萌学园：寻找盘古,2018-08-03,https://movie.douban.com/subject/26754880/
26767512,解码游戏,2018-08-03,https://movie.douban.com/subject/26767512/
30285932,三十那年,2018-08-03,https://movie.douban.com/subject/30285932/
30208005,神秘世界历险记四,2018-08-03,https://movie.douban.com/subject/30208005/
27050259,妈妈咪呀二：再次出发,2018-08-03,https://movie.douban.com/subject/27050259/
27615564,的士速递五,2018-08-03,https://movie.douban.com/subject/27615564/
30146756,风语咒,2018-08-03,https://movie.douban.com/subject/30146756/
30156898,肆式青春,2018-08-04,https://movie.douban.com/subject/30156898/
30274733,真心话太冒险,2018-08-07,https://movie.douban.com/subject/30274733/
27104330,李保国,2018-08-08,https://movie.douban.com/subject/27104330/
3926132,爱情公寓,2018-08-10,https://movie.douban.com/subject/3926132/
26290398,美食大冒险之英雄烩,2018-08-10,https://movie.douban.com/subject/26290398/
26426194,巨齿鲨,2018-08-10,https://movie.douban.com/subject/26426194/
26985127,一出好戏,2018-08-10,https://movie.douban.com/subject/26985127/
34883159,生如夏花,2018-08-15,https://movie.douban.com/subject/34883159/
26636841,最后的棒棒,2018-08-17,https://movie.douban.com/subject/26636841/
26309969,新乌龙院之笑闹江湖,2018-08-17,https://movie.douban.com/subject/26309969/
26351812,欧洲攻略,2018-08-17,https://movie.douban.com/subject/26351812/
26630714,精灵旅社三,2018-08-17,https://movie.douban.com/subject/26630714/
30122633,快把我哥带走,2018-08-17,https://movie.douban.com/subject/30122633/
26677970,我来自纽约,2018-08-18,https://movie.douban.com/subject/26677970/
30236775,旅行吧！井底之蛙,2018-08-18,https://movie.douban.com/subject/30236775/
27119292,大三儿,2018-08-20,https://movie.douban.com/subject/27119292/
30291398,疯狂暑期之哈喽怪物,2018-08-21,https://movie.douban.com/subject/30291398/
25966209,出山,2018-08-22,https://movie.douban.com/subject/25966209/
30255226,穿越爱,2018-08-24,https://movie.douban.com/subject/30255226/
30176525,深海历险记,2018-08-24,https://movie.douban.com/subject/30176525/
30199575,让我怎么相信你,2018-08-24,https://movie.douban.com/subject/30199575/
30276726,爸，我一定行的,2018-08-24,https://movie.douban.com/subject/30276726/
30296129,怒放的花儿,2018-08-24,https://movie.douban.com/subject/30296129/
30244759,信仰者,2018-08-24,https://movie.douban.com/subject/30244759/
1301465,纯真年代,2018-08-24,https://movie.douban.com/subject/1301465/
26636712,蚁人二：黄蜂女现身,2018-08-24,https://movie.douban.com/subject/26636712/
26906870,奇怪的袜子精灵,2018-08-24,https://movie.douban.com/subject/26906870/
26615753,黑子的篮球：终极一战,2018-08-24,https://movie.douban.com/subject/26615753/
30237381,惊慌失色之诡寓,2018-08-24,https://movie.douban.com/subject/30237381/
27107604,天下第一镖局,2018-08-24,https://movie.douban.com/subject/27107604/
27201353,大师兄,2018-08-24,https://movie.douban.com/subject/27201353/
27021609,超大号美人,2018-08-28,https://movie.douban.com/subject/27021609/
1013986,摇滚小子,2018-08-28,https://movie.douban.com/celebrity/1013986/
30185214,李学生,2018-08-28,https://movie.douban.com/subject/30185214/
26759818,曹操与杨修,2018-08-30,https://movie.douban.com/subject/26759818/
30227735,萌宠入殓师,2018-08-31,https://movie.douban.com/subject/30227735/
26728641,苏丹,2018-08-31,https://movie.douban.com/subject/26728641/
26336252,碟中谍六：全面瓦解,2018-08-31,https://movie.douban.com/subject/26336252/
30208007,藏北秘岭·重返无人区,2018-08-31,https://movie.douban.com/subject/30208007/
30238277,足球王者,2018-08-31,https://movie.douban.com/subject/30238277/
30263334,解剖室灵异事件之男生宿舍,2018-08-31,https://movie.douban.com/subject/30263334/
26574965,那些女人,2018-09-03,https://movie.douban.com/subject/26574965/
3073268,传奇的诞生,2018-09-07,https://movie.douban.com/subject/3073268/
26928809,吻隐者,2018-09-07,https://movie.douban.com/subject/26928809/
25978207,那条河,2018-09-07,https://movie.douban.com/subject/25978207/
26954268,道高一丈,2018-09-07,https://movie.douban.com/subject/26954268/
27204180,草戒指,2018-09-07,https://movie.douban.com/subject/27204180/
27107609,过往的梦,2018-09-07,https://movie.douban.com/subject/27107609/
26810318,阿尔法：狼伴归途,2018-09-07,https://movie.douban.com/subject/26810318/
27195119,李宗伟：败者为王,2018-09-07,https://movie.douban.com/subject/27195119/
30259493,黑暗深处之惊魂夜,2018-09-10,https://movie.douban.com/subject/30259493/
25725222,守望一生,2018-09-10,https://movie.douban.com/subject/25725222/
30327768,远去的牧歌,2018-09-11,https://movie.douban.com/subject/30327768/
27191430,勇敢往事,2018-09-12,https://movie.douban.com/subject/27191430/
30311865,古墓兽影,2018-09-13,https://movie.douban.com/subject/30311865/
26916229,镰仓物语,2018-09-14,https://movie.douban.com/subject/26916229/
30305663,审判者1,2018-09-14,https://movie.douban.com/subject/30305663/
26869119,念念手纪,2018-09-14,https://movie.douban.com/subject/26869119/
26607969,未择之路,2018-09-14,https://movie.douban.com/subject/26607969/
27611552,说走就走之不说再见,2018-09-14,https://movie.douban.com/subject/27611552/
26996640,反贪风暴三,2018-09-14,https://movie.douban.com/subject/26996640/
26785020,黑蝴蝶,2018-09-15,https://movie.douban.com/subject/26785020/
30227727,禹神传之寻找神力,2018-09-15,https://movie.douban.com/subject/30227727/
27181026,漂亮的村事,2018-09-16,https://movie.douban.com/subject/27181026/
30327877,特别追踪,2018-09-19,https://movie.douban.com/subject/30327877/
30308908,我是检察官,2018-09-20,https://movie.douban.com/subject/30308908/
3078549,虎胆追凶,2018-09-21,https://movie.douban.com/subject/3078549/
27597216,极品师徒,2018-09-21,https://movie.douban.com/subject/27597216/
26606774,关关雎鸠,2018-09-21,https://movie.douban.com/subject/26606774/
30313579,舌尖上的斗争,2018-09-21,https://movie.douban.com/subject/30313579/
27102569,悲伤逆流成河,2018-09-21,https://movie.douban.com/subject/27102569/
30312917,天刃,2018-09-21,https://movie.douban.com/subject/30312917/
26972258,江湖儿女,2018-09-21,https://movie.douban.com/subject/26972258/
26858594,哥斯拉：怪兽行星,2018-09-21,https://movie.douban.com/subject/26858594/
27020981,天慕,2018-09-21,https://movie.douban.com/subject/27020981/
27069427,黄金兄弟,2018-09-21,https://movie.douban.com/subject/27069427/
30324169,迷失的彩虹 古坠归来,2018-09-21,https://movie.douban.com/subject/30324169/
30322390,亭城之恋,2018-09-21,https://movie.douban.com/subject/30322390/
30327900,中学时代,2018-09-21,https://movie.douban.com/subject/30327900/
24743257,冷恋时代,2018-09-21,https://movie.douban.com/subject/24743257/
30142649,大闹西游,2018-09-22,https://movie.douban.com/subject/30142649/
26806099,爱猫之城,2018-09-22,https://movie.douban.com/subject/26806099/
27092785,李茶的姑妈,2018-09-30,https://movie.douban.com/subject/27092785/
4864908,影,2018-09-30,https://movie.douban.com/subject/4864908/
26930565,营救汪星人,2018-09-30,https://movie.douban.com/subject/26930565/
26425063,无双,2018-09-30,https://movie.douban.com/subject/26425063/
27149818,胖子行动队,2018-09-30,https://movie.douban.com/subject/27149818/
26816372,古剑奇谭之流月昭明,2018-10-01,https://movie.douban.com/subject/26816372/
35791622,新灰姑娘,2018-10-01,https://movie.douban.com/subject/35791622/
30208004,阿凡提之奇缘历险,2018-10-01,https://movie.douban.com/subject/30208004/
26985179,假装不正经,2018-10-05,https://movie.douban.com/subject/26985179/
27140071,找到你,2018-10-05,https://movie.douban.com/subject/27140071/
30128986,午夜幽灵,2018-10-12,https://movie.douban.com/subject/30128986/
26649627,超能泰坦,2018-10-12,https://movie.douban.com/subject/26649627/
30140571,嗝嗝老师,2018-10-12,https://movie.douban.com/subject/30140571/
30255138,张艺谋和他的“影”,2018-10-12,https://movie.douban.com/subject/30255138/
26794854,帝企鹅日记二：召唤,2018-10-12,https://movie.douban.com/subject/26794854/
30323188,恐龙王,2018-10-13,https://movie.douban.com/subject/30323188/
30196863,我要去远方,2018-10-16,https://movie.douban.com/subject/30196863/
30162995,沿海出发,2018-10-17,https://movie.douban.com/subject/30162995/
30336271,皮鞋,2018-10-17,https://movie.douban.com/subject/30336271/
30347761,梦想者联盟,2018-10-18,https://movie.douban.com/subject/30347761/
26944582,雪怪大冒险,2018-10-19,https://movie.douban.com/subject/26944582/
27039069,宝贝儿,2018-10-19,https://movie.douban.com/subject/27039069/
26999424,我的间谍前男友,2018-10-19,https://movie.douban.com/subject/26999424/
26929835,跨越八年的新娘,2018-10-19,https://movie.douban.com/subject/26929835/
26384292,无敌原始人,2018-10-19,https://movie.douban.com/subject/26384292/
27201451,非洲遇见你,2018-10-19,https://movie.douban.com/subject/27201451/
26857964,向阳的日子,2018-10-19,https://movie.douban.com/subject/26857964/
27204589,美丽战争,2018-10-19,https://movie.douban.com/subject/27204589/
3538070,八仙,2018-10-20,https://movie.douban.com/subject/3538070/
26290410,昨日青空,2018-10-26,https://movie.douban.com/subject/26290410/
26878103,暮光·巴黎,2018-10-26,https://movie.douban.com/subject/26878103/
26359246,灵魂契约,2018-10-26,https://movie.douban.com/subject/26359246/
25867012,追鹰日记,2018-10-26,https://movie.douban.com/subject/25867012/
30181130,阿拉姜色,2018-10-26,https://movie.douban.com/subject/30181130/
35262994,铁血战士,2018-10-26,https://movie.douban.com/subject/35262994/
30201164,寄生夙愿,2018-10-26,https://movie.douban.com/subject/30201164/
19967776,冒牌恋人,2018-10-26,https://movie.douban.com/subject/19967776/
27008394,功夫联盟,2018-10-26,https://movie.douban.com/subject/27008394/
27603669,为你写诗,2018-10-26,https://movie.douban.com/subject/27603669/
26715845,黑暗迷宫,2018-10-31,https://movie.douban.com/subject/26715845/
10759740,滴答屋,2018-11-01,https://movie.douban.com/subject/10759740/
25300674,冰封侠：时空行者,2018-11-02,https://movie.douban.com/subject/25300674/
26756259,二十岁,2018-11-02,https://movie.douban.com/subject/26756259/
26958765,堡藏,2018-11-02,https://movie.douban.com/subject/26958765/
26685451,流浪猫鲍勃,2018-11-02,https://movie.douban.com/subject/26685451/
26985916,你美丽了我的人生,2018-11-02,https://movie.douban.com/subject/26985916/
26793385,飓风奇劫,2018-11-02,https://movie.douban.com/subject/26793385/
30346859,阴阳眼之瞳灵公馆,2018-11-02,https://movie.douban.com/subject/30346859/
26741061,胡桃夹子与四个王国,2018-11-02,https://movie.douban.com/subject/26741061/
3168101,毒液：致命守护者,2018-11-02,https://movie.douban.com/subject/3168101/
25733522,自行车与旧电钢,2018-11-02,https://movie.douban.com/subject/25733522/
27079337,台仙魔咒,2018-11-02,https://movie.douban.com/subject/27079337/
27158277,产科男生,2018-11-02,https://movie.douban.com/subject/27158277/
26774001,开学悸,2018-11-09,https://movie.douban.com/subject/26774001/
25857301,三国杀·幻,2018-11-09,https://movie.douban.com/subject/25857301/
27110363,名侦探柯南·零的执行人,2018-11-09,https://movie.douban.com/subject/27110363/
26373536,地层深处,2018-11-09,https://movie.douban.com/subject/26373536/
30143861,我的冤家是条狗,2018-11-09,https://movie.douban.com/subject/30143861/
26771265,青春正蓝,2018-11-09,https://movie.douban.com/subject/26771265/
27615233,你好，之华,2018-11-09,https://movie.douban.com/subject/27615233/
30353531,两个俏公主,2018-11-10,https://movie.douban.com/subject/30353531/
30374624,那些名字那些年,2018-11-15,https://movie.douban.com/subject/30374624/
26730542,有五个姐姐的我就注定要单身了啊,2018-11-16,https://movie.douban.com/subject/26730542/
27110296,无名之辈,2018-11-16,https://movie.douban.com/subject/27110296/
27202758,梦境之源,2018-11-16,https://movie.douban.com/subject/27202758/
26147417,神奇动物：格林德沃之罪,2018-11-16,https://movie.douban.com/subject/26147417/
35073565,锁,2018-11-16,https://movie.douban.com/subject/35073565/
30367732,最后一公里,2018-11-16,https://movie.douban.com/subject/30367732/
30377126,追宝狂想曲,2018-11-16,https://movie.douban.com/subject/30377126/
27614899,记忆折叠,2018-11-16,https://movie.douban.com/subject/27614899/
26847920,破梦游戏,2018-11-19,https://movie.douban.com/subject/26847920/
30367751,正正的世界,2018-11-20,https://movie.douban.com/subject/30367751/
27068535,笑神穷不怕,2018-11-21,https://movie.douban.com/subject/27068535/
30279917,爱在归来那一天,2018-11-22,https://movie.douban.com/subject/30279917/
27662353,忠犬大营救,2018-11-23,https://movie.douban.com/subject/27662353/
27102739,中国蓝盔,2018-11-23,https://movie.douban.com/subject/27102739/
20438964,无敌破坏王二：大闹互联网,2018-11-23,https://movie.douban.com/subject/20438964/
26656814,恐怖快递,2018-11-23,https://movie.douban.com/subject/26656814/
27073234,憨豆特工三,2018-11-23,https://movie.douban.com/subject/27073234/
30362527,奶奶的家,2018-11-23,https://movie.douban.com/subject/30362527/
1901329,克隆人,2018-11-23,https://movie.douban.com/subject/1901329/
27125000,超萌特攻,2018-11-24,https://movie.douban.com/subject/27125000/
35089901,生活万岁,2018-11-27,https://movie.douban.com/subject/35089901/
30329714,冒牌搭档,2018-11-30,https://movie.douban.com/subject/30329714/
26786642,摘金奇缘,2018-11-30,https://movie.douban.com/subject/26786642/
27180977,在天堂等我,2018-11-30,https://movie.douban.com/subject/27180977/
25909389,亡命救赎,2018-11-30,https://movie.douban.com/subject/25909389/
30387540,奇幻梦之旅,2018-11-30,https://movie.douban.com/subject/30387540/
30183666,老爸102岁,2018-11-30,https://movie.douban.com/subject/30183666/
25891853,铁甲战神,2018-11-30,https://movie.douban.com/subject/25891853/
30291126,天渠,2018-11-30,https://movie.douban.com/subject/30291126/
30317053,超时空大冒险,2018-12-01,https://movie.douban.com/subject/30317053/
33429434,一百年很长吗,2018-12-01,https://movie.douban.com/subject/33429434/
30387545,大唐风云二,2018-12-01,https://movie.douban.com/subject/30387545/
26627694,天眸之爱,2018-12-01,https://movie.douban.com/subject/26627694/
25789361,谁来陪伴我,2018-12-04,https://movie.douban.com/subject/25789361/
27624662,同名男子,2018-12-04,https://movie.douban.com/subject/27624662/
26870262,大烟炮！一千八！,2018-12-04,https://movie.douban.com/subject/26870262/
35033654,闽宁镇,2018-12-06,https://movie.douban.com/subject/35033654/
25716096,狗十三,2018-12-07,https://movie.douban.com/subject/25716096/
3878007,海王,2018-12-07,https://movie.douban.com/subject/3878007/
30316400,爱不可及,2018-12-07,https://movie.douban.com/subject/30316400/
27204895,进击的男孩,2018-12-07,https://movie.douban.com/subject/27204895/
26937563,惊涛飓浪,2018-12-07,https://movie.douban.com/subject/26937563/
10581281,左手右手,2018-12-07,https://movie.douban.com/subject/10581281/
26887153,冥王星时刻,2018-12-07,https://movie.douban.com/subject/26887153/
30181498,云上日出,2018-12-11,https://movie.douban.com/subject/30181498/
30387531,谁是坏孩子,2018-12-11,https://movie.douban.com/subject/30387531/
30258232,照相师,2018-12-12,https://movie.douban.com/subject/30258232/
30185236,黄大年,2018-12-12,https://movie.douban.com/subject/30185236/
1291560,龙猫,2018-12-14,https://movie.douban.com/subject/1291560/
27198855,印度合伙人,2018-12-14,https://movie.douban.com/subject/27198855/
26974343,二胎来了,2018-12-14,https://movie.douban.com/subject/26974343/
27615441,网络谜踪,2018-12-14,https://movie.douban.com/subject/27615441/
23774869,绿毛怪格林奇,2018-12-14,https://movie.douban.com/subject/23774869/
30379636,铁臂双雄,2018-12-14,https://movie.douban.com/subject/30379636/
3649540,破天荒,2018-12-14,https://movie.douban.com/subject/3649540/
30387535,最萌警探,2018-12-14,https://movie.douban.com/subject/30387535/
34461279,来日方长,2018-12-14,https://movie.douban.com/subject/34461279/
27611675,轻轻握住你的手,2018-12-14,https://movie.douban.com/subject/27611675/
30304044,春天的马拉松,2018-12-14,https://movie.douban.com/subject/30304044/
26574964,正好的我们,2018-12-14,https://movie.douban.com/subject/26574964/
27069377,淡蓝琥珀,2018-12-17,https://movie.douban.com/subject/27069377/
30293828,中国合伙人二,2018-12-18,https://movie.douban.com/subject/30293828/
30391430,爱在湘西,2018-12-18,https://movie.douban.com/subject/30391430/
30214071,又是一年三月三,2018-12-18,https://movie.douban.com/subject/30214071/
30316976,片警宝音,2018-12-19,https://movie.douban.com/subject/30316976/
26425062,武林怪兽,2018-12-21,https://movie.douban.com/subject/26425062/
26994789,天气预爆,2018-12-21,https://movie.douban.com/subject/26994789/
26796664,叶问外传：张天志,2018-12-21,https://movie.douban.com/subject/26796664/
26374197,蜘蛛侠：平行宇宙,2018-12-21,https://movie.douban.com/subject/26374197/
30379943,夜魔奇案,2018-12-21,https://movie.douban.com/subject/30379943/
26662337,大路朝天,2018-12-22,https://movie.douban.com/subject/26662337/
30296766,午夜整容室,2018-12-24,https://movie.douban.com/subject/30296766/
1355389,信·守,2018-12-27,https://movie.douban.com/celebrity/1355389/
30412312,寻娃总动员,2018-12-27,https://movie.douban.com/subject/30412312/
30391453,苗寨情缘,2018-12-28,https://movie.douban.com/subject/30391453/
30377703,来电狂响,2018-12-28,https://movie.douban.com/subject/30377703/
26895438,神探狗笨吉,2018-12-28,https://movie.douban.com/subject/26895438/
27019982,印度暴徒,2018-12-28,https://movie.douban.com/subject/27019982/
30408622,拳职妈妈,2018-12-28,https://movie.douban.com/subject/30408622/
30405009,热土,2018-12-28,https://movie.douban.com/subject/30405009/
35042912,云南虫谷,2018-12-29,https://movie.douban.com/subject/35042912/
26882457,断片之险途夺宝,2018-12-29,https://movie.douban.com/subject/26882457/
30391458,午夜废墟,2018-12-29,https://movie.douban.com/subject/30391458/
27097866,警车联盟,2018-12-30,https://movie.douban.com/subject/27097866/
30292587,两只小猪之勇闯神秘岛,2018-12-30,https://movie.douban.com/subject/30292587/
30176069,阿里巴巴三根金发,2018-12-30,https://movie.douban.com/subject/30176069/
30387308,龟兔大作战,2018-12-30,https://movie.douban.com/subject/30387308/
26633257,地球最后的夜晚,2018-12-31,https://movie.douban.com/subject/26633257/
26712235,我的妈呀,2017-10-13,https://movie.douban.com/subject/26712235/
27133167,真假森林王,2017-09-16,https://movie.douban.com/subject/27133167/
26969722,初恋日记,2017-09-15,https://movie.douban.com/subject/26969722/
21350556,三少爷的剑,2016-12-02,https://movie.douban.com/subject/21350556/
26580232,看不见的客人,2017-09-15,https://movie.douban.com/subject/26580232/
22266126,王牌保镖,2017-09-22,https://movie.douban.com/subject/22266126/
10438503,穆桂英挂帅,2017-04-21,https://movie.douban.com/subject/10438503/
27024903,天才枪手,2017-10-13,https://movie.douban.com/subject/27024903/
19899718,蓝精灵：寻找神秘村,2017-04-21,https://movie.douban.com/subject/19899718/
25801066,西游伏妖篇,2017-01-28,https://movie.douban.com/subject/25801066/
24751763,罗曼蒂克消亡史,2016-12-16,https://movie.douban.com/subject/24751763/
25876760,少年巴比伦,2017-01-13,https://movie.douban.com/subject/25876760/
26182910,功夫瑜伽,2017-01-28,https://movie.douban.com/subject/26182910/
20471852,生化危机：终章,2017-02-24,https://movie.douban.com/subject/20471852/
25884877,爸爸的3次婚礼,2016-12-30,https://movie.douban.com/subject/25884877/
26125842,夺路而逃,2016-11-10,https://movie.douban.com/subject/26125842/
25857966,鲛珠传,2017-08-11,https://movie.douban.com/subject/25857966/
25845294,勇士之门,2016-11-18,https://movie.douban.com/subject/25845294/
25911694,摆渡人,2016-12-23,https://movie.douban.com/subject/25911694/
6982558,长城,2016-12-16,https://movie.douban.com/subject/6982558/
26292682,神秘家族,2017-04-21,https://movie.douban.com/subject/26292682/
25900945,美女与野兽,2017-03-17,https://movie.douban.com/subject/25900945/
1291936,攻壳机动队,2017-04-07,https://movie.douban.com/subject/1291936/
25708452,极速之巅,2016-12-02,https://movie.douban.com/subject/25708452/
26253737,非常父子档,2016-11-04,https://movie.douban.com/subject/26253737/
25983044,比利·林恩的中场战事,2016-11-11,https://movie.douban.com/subject/25983044/
25765735,金刚狼三：殊死一战,2017-03-03,https://movie.douban.com/subject/25765735/
26323026,临时演员,2017-05-27,https://movie.douban.com/subject/26323026/
26910800,呆呆计划,2016-12-09,https://movie.douban.com/subject/26910800/
26365631,冲天火,2016-11-25,https://movie.douban.com/subject/26365631/
4078592,上海王,2017-02-17,https://movie.douban.com/subject/4078592/
26279202,“吃吃”的爱,2017-05-27,https://movie.douban.com/subject/26279202/
26389696,大闹天竺,2017-01-28,https://movie.douban.com/subject/26389696/
25863024,仙球大战,2017-06-30,https://movie.douban.com/subject/25863024/
25975243,三生三世十里桃花,2017-08-03,https://movie.douban.com/subject/25975243/
26425081,合约男女,2017-02-14,https://movie.douban.com/subject/26425081/
26590030,夜闯寡妇村,2017-04-27,https://movie.douban.com/subject/26590030/
26616894,青春逗,2017-07-07,https://movie.douban.com/subject/26616894/
26389069,铁道飞虎,2016-12-23,https://movie.douban.com/subject/26389069/
26293468,我的诗篇,2017-01-13,https://movie.douban.com/subject/26293468/
26309788,金刚：骷髅岛,2017-03-24,https://movie.douban.com/subject/26309788/
26644002,傲娇与偏见,2017-04-20,https://movie.douban.com/subject/26644002/
26630781,我不是潘金莲,2016-11-18,https://movie.douban.com/subject/26630781/
26035290,悟空传,2017-07-13,https://movie.douban.com/subject/26035290/
26658568,28岁未成年,2016-12-09,https://movie.douban.com/subject/26658568/
30304994,奇异博士,2016-11-04,https://movie.douban.com/subject/30304994/
26677981,夏天十九岁的肖像,2017-05-27,https://movie.douban.com/subject/26677981/
26711487,决战食神,2017-02-10,https://movie.douban.com/subject/26711487/
26415200,外公芳龄38,2016-11-11,https://movie.douban.com/subject/26415200/
26691509,东北往事之破马张飞,2017-02-03,https://movie.douban.com/subject/26691509/
26382962,美好的意外,2017-06-02,https://movie.douban.com/subject/26382962/
25723583,英伦对决,2017-09-30,https://movie.douban.com/subject/25723583/
1401261,遊戏规则,2017-02-10,https://movie.douban.com/subject/1401261/
26289138,李雷和韩梅梅,2017-06-09,https://movie.douban.com/subject/26289138/
11526817,刺客信条,2017-02-24,https://movie.douban.com/subject/11526817/
7051830,佩小姐的奇幻城堡,2016-12-02,https://movie.douban.com/subject/7051830/
25894431,星球大战外传：侠盗一号,2017-01-06,https://movie.douban.com/subject/25894431/
22266320,深海浩劫,2016-11-15,https://movie.douban.com/subject/22266320/
26696879,你好，疯子！,2016-12-30,https://movie.douban.com/subject/26696879/
26425072,明月几时有,2017-07-01,https://movie.douban.com/subject/26425072/
25884801,记忆大师,2017-04-28,https://movie.douban.com/subject/25884801/
26761334,我心雀跃,2017-06-09,https://movie.douban.com/subject/26761334/
26717795,健忘村,2017-01-27,https://movie.douban.com/subject/26717795/
26770773,聊斋新编之画皮新娘,2016-11-11,https://movie.douban.com/subject/26770773/
26757373,捉迷藏,2016-11-04,https://movie.douban.com/subject/26757373/
26766397,萤火奇兵,2017-02-05,https://movie.douban.com/subject/26766397/
26692823,建军大业,2017-07-27,https://movie.douban.com/subject/26692823/
26772915,谜域之噬魂岭,2017-07-21,https://movie.douban.com/subject/26772915/
25824686,变形金刚五：最后的骑士,2017-06-23,https://movie.douban.com/subject/25824686/
26602933,绑架者,2017-03-31,https://movie.douban.com/subject/26602933/
26661183,抢红,2017-05-19,https://movie.douban.com/subject/26661183/
25933890,极盗车神,2017-08-25,https://movie.douban.com/subject/25933890/
26606743,嫌疑人X的献身,2017-03-31,https://movie.douban.com/subject/26606743/
26325320,血战钢锯岭,2016-12-08,https://movie.douban.com/subject/26325320/
24753477,蜘蛛侠：英雄归来,2017-09-08,https://movie.douban.com/subject/24753477/
26638831,最萌身高差,2016-11-25,https://movie.douban.com/subject/26638831/
26318239,回到火星,2017-10-13,https://movie.douban.com/subject/26318239/
26803711,阿唐奇遇,2017-07-21,https://movie.douban.com/subject/26803711/
26260853,速度与激情八,2017-04-14,https://movie.douban.com/subject/26260853/
25793398,海洋奇缘,2016-11-25,https://movie.douban.com/subject/25793398/
25953613,恐怖笔记,2016-11-04,https://movie.douban.com/subject/25953613/
26818364,超能龙骑侠,2017-01-13,https://movie.douban.com/subject/26818364/
26831514,功夫四侠,2016-12-17,https://movie.douban.com/subject/26831514/
26843838,碟仙之毕业照,2017-06-09,https://movie.douban.com/subject/26843838/
26586806,塔洛,2016-12-09,https://movie.douban.com/subject/26586806/
26845384,蜜月计划,2017-09-08,https://movie.douban.com/subject/26845384/
26840300,食人岛,2016-12-02,https://movie.douban.com/subject/26840300/
26818346,诡眼,2017-03-10,https://movie.douban.com/subject/26818346/
26865690,恐怖理发店,2017-01-06,https://movie.douban.com/subject/26865690/
26866836,五女闹京城,2016-12-16,https://movie.douban.com/subject/26866836/
26547005,笑林足球,2016-11-04,https://movie.douban.com/subject/26547005/
26876505,怨灵地下室,2016-11-25,https://movie.douban.com/subject/26876505/
3434070,太空旅客,2017-01-13,https://movie.douban.com/subject/3434070/
26673217,我是处女座,2016-11-25,https://movie.douban.com/subject/26673217/
26828019,有完没完,2017-04-01,https://movie.douban.com/subject/26828019/
26382767,了不起的菲丽西,2017-02-01,https://movie.douban.com/subject/26382767/
26876595,那年夏天你去了哪里,2016-12-30,https://movie.douban.com/subject/26876595/
26779337,盛先生的花儿,2016-11-04,https://movie.douban.com/subject/26779337/
26883093,惊魂绣花鞋,2017-03-03,https://movie.douban.com/subject/26883093/
26889012,超级幼儿园,2016-12-31,https://movie.douban.com/subject/26889012/
26598021,航海王之黄金城,2016-11-11,https://movie.douban.com/subject/26598021/
26235351,辣警霸王花,2016-11-18,https://movie.douban.com/subject/26235351/
26354572,欢乐好声音,2017-02-17,https://movie.douban.com/subject/26354572/
25824009,脑残粉,2016-11-02,https://movie.douban.com/subject/25824009/
25847558,邻家大贱谍,2016-11-08,https://movie.douban.com/subject/25847558/
26660834,蜡笔小新：梦境世界大突击,2016-11-04,https://movie.douban.com/subject/26660834/
3863845,钢铁骑士,2016-11-01,https://movie.douban.com/subject/3863845/
26754831,绝世高手,2017-07-07,https://movie.douban.com/subject/26754831/
26596486,名侦探柯南：纯黑的恶梦,2016-11-25,https://movie.douban.com/subject/26596486/
26667083,凄灵室,2016-12-09,https://movie.douban.com/subject/26667083/
26862259,乘风破浪,2017-01-28,https://movie.douban.com/subject/26862259/
26718838,异星觉醒,2017-05-19,https://movie.douban.com/subject/26718838/
26639958,春娇救志明,2017-04-28,https://movie.douban.com/subject/26639958/
26667056,逆时营救,2017-06-30,https://movie.douban.com/subject/26667056/
26668750,完美有多美,2017-02-17,https://movie.douban.com/subject/26668750/
26831711,熊出没·奇幻空间,2017-01-28,https://movie.douban.com/subject/26831711/
26879060,情圣,2016-12-30,https://movie.douban.com/subject/26879060/
26820836,八月,2017-03-24,https://movie.douban.com/subject/26820836/
26912427,猪猪侠之英雄猪少年,2017-01-07,https://movie.douban.com/subject/26912427/
26928807,辛巴达与美人鱼公主,2017-01-07,https://movie.douban.com/subject/26928807/
26921827,大卫贝肯之倒霉特工熊,2017-01-13,https://movie.douban.com/subject/26921827/
26416774,一路逆风,2017-01-06,https://movie.douban.com/subject/26416774/
26362746,欢乐喜剧人,2017-03-24,https://movie.douban.com/subject/26362746/
25934014,爱乐之城,2017-02-14,https://movie.douban.com/subject/25934014/
26616690,非凡任务,2017-03-31,https://movie.douban.com/subject/26616690/
26388555,一万公里的约定,2017-01-06,https://movie.douban.com/subject/26388555/
26607693,敦刻尔克,2017-09-01,https://movie.douban.com/subject/26607693/
26907450,麻烦家族,2017-05-11,https://movie.douban.com/subject/26907450/
35131294,心惊胆战,2017-01-20,https://movie.douban.com/subject/35131294/
26313740,玩命直播,2017-01-06,https://movie.douban.com/subject/26313740/
10484117,天空之眼,2017-01-13,https://movie.douban.com/subject/10484117/
26948814,怨灵宿舍之白纸女生,2017-04-01,https://movie.douban.com/subject/26948814/
26681656,冰雪大作战,2017-04-01,https://movie.douban.com/subject/26681656/
26779288,美容针,2017-05-19,https://movie.douban.com/subject/26779288/
26950073,碟仙前传,2017-05-12,https://movie.douban.com/subject/26950073/
26952566,来自月亮的我,2017-02-18,https://movie.douban.com/subject/26952566/
26926321,缝纫机乐队,2017-09-29,https://movie.douban.com/subject/26926321/
26757951,会痛的十七岁,2017-09-15,https://movie.douban.com/subject/26757951/
26815856,疯岳撬佳人,2017-02-14,https://movie.douban.com/subject/26815856/
26958070,通灵姐妹,2017-03-17,https://movie.douban.com/subject/26958070/
26961684,玛格丽特的春天,2017-03-10,https://movie.douban.com/subject/26961684/
6873143,一条狗的使命,2017-03-03,https://movie.douban.com/subject/6873143/
26969974,血伞凶灵,2017-02-17,https://movie.douban.com/subject/26969974/
26785793,斗魂之熊孩子,2017-02-18,https://movie.douban.com/subject/26785793/
26352435,指甲刀人魔,2017-04-14,https://movie.douban.com/subject/26352435/
26826398,杀破狼·贪狼,2017-08-17,https://movie.douban.com/subject/26826398/
26882327,血狼犬,2017-04-21,https://movie.douban.com/subject/26882327/
35139426,不期而遇,2017-05-19,https://movie.douban.com/subject/35139426/
26751902,借眼,2017-06-16,https://movie.douban.com/subject/26751902/
35144311,雄狮,2017-06-22,https://movie.douban.com/subject/35144311/
26816383,喜欢你,2017-04-27,https://movie.douban.com/subject/26816383/
27042526,胡杨的夏天,2017-10-20,https://movie.douban.com/subject/27042526/
26873820,窦娥奇冤,2017-04-21,https://movie.douban.com/subject/26873820/
26808466,提着心吊着胆,2017-05-12,https://movie.douban.com/subject/26808466/
26995137,忠爱无言,2017-06-09,https://movie.douban.com/subject/26995137/
26412618,六人晚餐,2017-06-16,https://movie.douban.com/subject/26412618/
26704592,点五步,2017-04-07,https://movie.douban.com/subject/26704592/
26387939,摔跤吧！爸爸,2017-05-05,https://movie.douban.com/subject/26387939/
26747836,喵星人  ,2017-07-14,https://movie.douban.com/subject/26747836/
27003615,怨灵宿舍之人偶老师,2017-04-14,https://movie.douban.com/subject/27003615/
26674021,爱情冻住了,2017-04-14,https://movie.douban.com/subject/26674021/
26605946,毒。诫,2017-05-12,https://movie.douban.com/subject/26605946/
26753020,空天猎,2017-09-29,https://movie.douban.com/subject/26753020/
26956641,小情书,2017-05-19,https://movie.douban.com/subject/26956641/
26895979,午夜惊魂路,2017-04-28,https://movie.douban.com/subject/26895979/
26787124,青禾男高,2017-07-12,https://movie.douban.com/subject/26787124/
26210985,灵狼传奇,2017-04-29,https://movie.douban.com/subject/26210985/
26811587,大护法,2017-07-13,https://movie.douban.com/subject/26811587/
25872311,当怪物来敲门,2017-05-19,https://movie.douban.com/subject/25872311/
26705107,豆福传,2017-07-28,https://movie.douban.com/subject/26705107/
27030855,我的爸爸是国王,2017-05-27,https://movie.douban.com/subject/27030855/
26776397,内心引力,2017-06-10,https://movie.douban.com/subject/26776397/
26839466,哆啦A梦：大雄的南极冰冰凉大冒险,2017-05-30,https://movie.douban.com/subject/26839466/
26596836,以爱为名,2017-05-12,https://movie.douban.com/subject/26596836/
25980443,海边的曼彻斯特,2017-08-25,https://movie.douban.com/subject/25980443/
27034867,异兽来袭,2017-06-09,https://movie.douban.com/subject/27034867/
27036467,麻辣学院,2017-06-09,https://movie.douban.com/subject/27036467/
26916202,血战湘江,2017-06-30,https://movie.douban.com/subject/26916202/
26877237,29+1,2017-06-02,https://movie.douban.com/subject/26877237/
27038491,诡异酒楼,2017-05-26,https://movie.douban.com/subject/27038491/
26820394,功夫小兔侠,2017-05-28,https://movie.douban.com/subject/26820394/
24714697,银河守卫队,2017-05-27,https://movie.douban.com/subject/24714697/
26264454,声之形,2017-09-08,https://movie.douban.com/subject/26264454/
27041577,惊门,2017-06-02,https://movie.douban.com/subject/27041577/
26857793,原谅他77次,2017-06-23,https://movie.douban.com/subject/26857793/
22266475,惊天解密,2017-09-22,https://movie.douban.com/subject/22266475/
24840629,因为爱情,2017-10-27,https://movie.douban.com/subject/24840629/
26606242,冈仁波齐,2017-06-20,https://movie.douban.com/subject/26606242/
35322678,此情此刻,2017-06-09,https://movie.douban.com/subject/35322678/
27067697,冯梦龙传奇,2017-06-30,https://movie.douban.com/subject/27067697/
26425068,追龙,2017-09-30,https://movie.douban.com/subject/26425068/
27045442,钢铁飞龙之再见奥特曼,2017-10-01,https://movie.douban.com/subject/27045442/
26955948,我是谁的宝贝,2017-08-18,https://movie.douban.com/subject/26955948/
27078038,怪物岛,2017-09-09,https://movie.douban.com/subject/27078038/
27107261,一路向爱,2017-08-28,https://movie.douban.com/subject/27107261/
27046450,我的爸爸是森林之王,2017-10-14,https://movie.douban.com/subject/27046450/
27158354,童话先生,2017-10-24,https://movie.douban.com/subject/27158354/