movie_id,title,url,rating_overall,rating_num,rating_5,rating_4,rating_3,rating_2,rating_1
27170581,天籁梦想,https://movie.douban.com/subject/27170581/,null,NA,NA,NA,NA,NA,NA
27082927,醉佳导演,https://movie.douban.com/subject/27082927/,null,NA,NA,NA,NA,NA,NA
6874741,无问西东,https://movie.douban.com/subject/6874741/,7.5,705167,25.30%,38.50%,26.50%,7.20%,2.40%
26984538,卧底巨星,https://movie.douban.com/subject/26984538/,3.5,20066,1.00%,1.80%,14.80%,34.80%,47.60%
26586766,勇敢者游戏：决战丛林,https://movie.douban.com/subject/26586766/,6.8,199360,6.80%,34.40%,50.20%,7.60%,0.90%
27073291,太空救援,https://movie.douban.com/subject/27073291/,7.6,68289,16.20%,51.50%,29.90%,2.30%,0.20%
26954003,大世界,https://movie.douban.com/subject/26954003/,6.9,54477,7.80%,39.70%,44.30%,7.00%,1.20%
27199679,时空终点,https://movie.douban.com/subject/27199679/,2.9,319,0.00%,3.30%,6.70%,20.00%,70.00%
27017988,丢心,https://movie.douban.com/subject/27017988/,null,NA,NA,NA,NA,NA,NA
2133433,迷镇凶案,https://movie.douban.com/subject/2133433/,6.1,23583,3.00%,20.80%,57.20%,17.30%,1.70%
1293796,大寒,https://movie.douban.com/subject/1293796/,6.8,843,11.00%,33.70%,43.70%,9.00%,2.60%
26996415,红月亮之武陵山歌,https://movie.douban.com/subject/26996415/,null,NA,NA,NA,NA,NA,NA
22265634,星球大战八：最后的绝地武士,https://movie.douban.com/subject/22265634/,7.1,149190,13.70%,37.80%,39.00%,7.70%,1.80%
26631663,尼斯·疯狂的心,https://movie.douban.com/subject/26631663/,8.1,6416,26.20%,52.30%,19.90%,1.40%,0.30%
27614421,只想好好和你在一起,https://movie.douban.com/subject/27614421/,null,NA,NA,NA,NA,NA,NA
11615929,我的影子在奔跑,https://movie.douban.com/subject/11615929/,7,6510,10.60%,41.50%,39.40%,6.30%,2.20%
26628256,一个人的课堂,https://movie.douban.com/subject/26628256/,7.5,759,33.30%,31.30%,20.80%,6.30%,8.30%
27601920,芒刺,https://movie.douban.com/subject/27601920/,null,NA,NA,NA,NA,NA,NA
26827040,英雄本色2018,https://movie.douban.com/subject/26827040/,4.5,39993,4.40%,4.10%,26.90%,41.90%,22.60%
26612285,谜巢,https://movie.douban.com/subject/26612285/,3.4,22120,0.70%,1.90%,13.10%,36.80%,47.50%
25846857,公牛历险记,https://movie.douban.com/subject/25846857/,7.2,52483,13.00%,39.50%,43.30%,3.80%,0.40%
26787574,奇迹男孩,https://movie.douban.com/subject/26787574/,8.6,538261,42.90%,44.30%,12.00%,0.70%,0.10%
26942674,神秘巨星,https://movie.douban.com/subject/26942674/,7.7,405627,23.60%,44.40%,27.50%,3.70%,0.70%
4849728,第一夫人,https://movie.douban.com/subject/4849728/,6.6,31880,5.50%,28.30%,55.30%,10.00%,0.90%
27661668,天使的声音,https://movie.douban.com/subject/27661668/,null,NA,NA,NA,NA,NA,NA
27179424,敦煌不了情,https://movie.douban.com/subject/27179424/,null,NA,NA,NA,NA,NA,NA
27063331,大雪冬至,https://movie.douban.com/subject/27063331/,6.3,971,6.50%,31.20%,37.60%,18.30%,6.50%
26004132,移动迷宫三：死亡解药,https://movie.douban.com/subject/26004132/,5.3,93550,2.30%,10.20%,45.80%,32.90%,8.70%
26724807,二十四小时:末路重生,https://movie.douban.com/subject/26724807/,5.1,7747,1.10%,7.40%,43.80%,39.30%,8.40%
26606761,五度空间,https://movie.douban.com/subject/26606761/,null,NA,NA,NA,NA,NA,NA
2256010,半个月亮,https://movie.douban.com/subject/2256010/,null,NA,NA,NA,NA,NA,NA
26548048,麦兵兵,https://movie.douban.com/subject/26548048/,null,NA,NA,NA,NA,NA,NA
2338070,绝命时钟2：22,https://movie.douban.com/subject/2338070/,5.8,7820,3.40%,15.70%,50.60%,25.30%,4.90%
26666947,S4侠降魔记,https://movie.douban.com/subject/26666947/,3.5,2467,0.70%,2.00%,16.30%,31.40%,49.70%
27156899,梭哈人生,https://movie.douban.com/subject/27156899/,4,602,7.10%,2.40%,11.90%,38.10%,40.50%
3914513,马戏之王,https://movie.douban.com/subject/3914513/,7.7,187863,22.40%,45.80%,28.30%,2.90%,0.50%
26873029,时空偷渡少女,https://movie.douban.com/subject/26873029/,3.4,898,2.60%,0.00%,15.40%,28.20%,53.80%
26597804,毕业旅行笑翻天,https://movie.douban.com/subject/26597804/,2.2,827,0.00%,0.00%,2.30%,6.80%,90.90%
27621546,小狗奶瓶,https://movie.douban.com/subject/27621546/,6.2,1338,16.00%,19.10%,35.10%,20.20%,9.60%
26742730,浪矢解忧杂货店,https://movie.douban.com/subject/26742730/,7.1,86141,13.70%,37.00%,42.00%,6.50%,0.80%
26628329,南极之恋,https://movie.douban.com/subject/26628329/,6.6,106481,9.80%,29.30%,45.50%,12.90%,2.50%
26176481,小马宝莉大电影,https://movie.douban.com/subject/26176481/,6.7,4151,12.50%,21.10%,54.70%,10.80%,0.90%
27200821,余额不足,https://movie.douban.com/subject/27200821/,null,NA,NA,NA,NA,NA,NA
27605297,金龟子,https://movie.douban.com/subject/27605297/,5.2,603,2.80%,11.10%,44.40%,25.00%,16.70%
26415327,盲·道,https://movie.douban.com/subject/26415327/,5,6552,7.30%,7.10%,31.20%,35.60%,18.90%
27027913,忌日快乐,https://movie.douban.com/subject/27027913/,7,256425,8.10%,41.90%,44.40%,5.00%,0.50%
27663995,莫名我就喜欢你,https://movie.douban.com/subject/27663995/,null,NA,NA,NA,NA,NA,NA
26909507,狗狗的疯狂假期,https://movie.douban.com/subject/26909507/,6.1,1747,8.40%,13.70%,53.40%,22.90%,1.50%
30273078,坏爸爸,https://movie.douban.com/subject/30273078/,7.3,334,23.30%,31.70%,33.30%,9.20%,2.50%
26796845,莫斯科陷落,https://movie.douban.com/subject/26796845/,4.8,17005,2.30%,6.50%,34.10%,42.30%,14.80%
27194329,我和“叛徒”老爸,https://movie.douban.com/subject/27194329/,null,NA,NA,NA,NA,NA,NA
26857951,大导归来,https://movie.douban.com/subject/26857951/,3.4,609,2.40%,2.40%,9.50%,33.30%,52.40%
26944076,泡芙小姐,https://movie.douban.com/subject/26944076/,3.6,9515,2.40%,3.00%,16.10%,27.20%,51.40%
27667817,疯狂熊孩子,https://movie.douban.com/subject/27667817/,null,NA,NA,NA,NA,NA,NA
27661976,无迹可寻,https://movie.douban.com/subject/27661976/,null,NA,NA,NA,NA,NA,NA
30125762,熊猫石的奇幻旅行,https://movie.douban.com/subject/30125762/,null,NA,NA,NA,NA,NA,NA
30134714,爱情的单程列车,https://movie.douban.com/subject/30134714/,null,NA,NA,NA,NA,NA,NA
25829175,西游记女儿国,https://movie.douban.com/subject/25829175/,4.4,154114,3.70%,7.20%,24.40%,36.40%,28.30%
26575103,捉妖记二,https://movie.douban.com/subject/26575103/,4.9,351549,2.40%,7.60%,37.60%,37.80%,14.60%
26861685,红海行动,https://movie.douban.com/subject/26861685/,8.2,1006868,37.70%,41.40%,17.30%,2.50%,1.00%
26698897,唐人街探案二,https://movie.douban.com/subject/26698897/,6.6,881340,8.50%,31.50%,44.80%,11.70%,3.50%
27114417,祖宗十九代,https://movie.douban.com/subject/27114417/,4.2,113513,3.50%,4.50%,23.40%,37.40%,31.30%
27176717,熊出没·变形记,https://movie.douban.com/subject/27176717/,6.8,19610,12.00%,30.80%,45.20%,9.80%,2.20%
30136561,名将之后,https://movie.douban.com/subject/30136561/,null,NA,NA,NA,NA,NA,NA
27622779,小城轶事之人怕出名猪怕壮,https://movie.douban.com/subject/27622779/,5.6,934,7.30%,23.60%,27.30%,23.60%,18.20%
3036465,爱在记忆消逝前,https://movie.douban.com/subject/3036465/,8.1,41800,27.30%,52.70%,18.70%,1.30%,0.10%
26898855,翻滚吧姐妹,https://movie.douban.com/subject/26898855/,null,NA,NA,NA,NA,NA,NA
26611804,三块广告牌,https://movie.douban.com/subject/26611804/,8.7,796703,46.80%,43.40%,8.90%,0.70%,0.20%
25856453,闺蜜二：无二不作,https://movie.douban.com/subject/25856453/,2.7,24615,1.00%,1.00%,6.40%,14.60%,77.10%
26836837,宇宙有爱浪漫同游,https://movie.douban.com/subject/26836837/,3.8,884,11.50%,7.70%,7.70%,7.70%,65.40%
26995719,金钱世界,https://movie.douban.com/subject/26995719/,7,43922,6.60%,40.00%,48.70%,4.30%,0.40%
26393561,小萝莉的猴神大叔,https://movie.douban.com/subject/26393561/,8.4,467069,42.00%,40.40%,15.30%,1.80%,0.40%
30152451,厉害了，我的国,https://movie.douban.com/subject/30152451/,null,NA,NA,NA,NA,NA,NA
26649604,比得兔,https://movie.douban.com/subject/26649604/,7,101457,11.40%,37.80%,43.80%,6.00%,1.10%
6402151,勇者闯魔城,https://movie.douban.com/subject/6402151/,8.8,25479,52.60%,36.00%,9.80%,1.20%,0.40%
28446693,落绕,https://movie.douban.com/subject/28446693/,null,NA,NA,NA,NA,NA,NA
27180882,疯狂的公牛,https://movie.douban.com/subject/27180882/,null,NA,NA,NA,NA,NA,NA
25899334,飞鸟历险记,https://movie.douban.com/subject/25899334/,5.8,682,2.90%,8.80%,64.70%,23.50%,0.00%
30159520,对戒,https://movie.douban.com/subject/30159520/,null,NA,NA,NA,NA,NA,NA
30167997,黑豹,https://movie.douban.com/subject/30167997/,6.3,21748,9.90%,22.70%,43.80%,17.60%,6.10%
27085923,灵魂当铺之时间典当,https://movie.douban.com/subject/27085923/,null,NA,NA,NA,NA,NA,NA
26603666,妈妈咪鸭,https://movie.douban.com/subject/26603666/,7,34915,10.80%,38.50%,43.00%,6.80%,0.90%
26972275,恋爱回旋,https://movie.douban.com/subject/26972275/,7,79529,10.30%,35.10%,47.60%,6.20%,0.80%
26984234,玲珑井,https://movie.douban.com/subject/26984234/,null,NA,NA,NA,NA,NA,NA
26731790,十七后 与青春化敌为友,https://movie.douban.com/subject/26731790/,null,NA,NA,NA,NA,NA,NA
26752852,水形物语,https://movie.douban.com/subject/26752852/,7.2,429081,14.10%,40.90%,38.10%,5.80%,1.20%
27076492,虎皮萌企鹅,https://movie.douban.com/subject/27076492/,5.9,2125,5.10%,16.30%,53.10%,19.40%,6.10%
27042405,大坏狐狸的故事,https://movie.douban.com/subject/27042405/,8.3,90431,34.00%,49.60%,15.60%,0.70%,0.20%
3445906,古墓丽影：源起之战,https://movie.douban.com/subject/3445906/,6,145149,3.60%,16.90%,57.50%,19.40%,2.60%
30162172,出山记,https://movie.douban.com/subject/30162172/,7.4,741,13.00%,47.80%,37.00%,2.20%,0.00%
20435622,环太平洋二：雷霆再起,https://movie.douban.com/subject/20435622/,5.4,237096,2.80%,11.50%,47.70%,30.30%,7.70%
26661194,脱皮爸爸,https://movie.douban.com/subject/26661194/,5.4,6306,4.80%,10.30%,43.50%,34.00%,7.40%
26828415,青春24秒,https://movie.douban.com/subject/26828415/,null,NA,NA,NA,NA,NA,NA
26737491,无眸之杀,https://movie.douban.com/subject/26737491/,null,NA,NA,NA,NA,NA,NA
26846031,萌犬好声音,https://movie.douban.com/subject/26846031/,5.5,1696,4.00%,16.70%,40.50%,30.20%,8.70%
27072634,河间圣手,https://movie.douban.com/subject/27072634/,null,NA,NA,NA,NA,NA,NA
26967920,遇见你真好,https://movie.douban.com/subject/26967920/,4.5,26042,4.30%,8.40%,24.40%,34.60%,28.20%
26952153,第三度嫌疑人,https://movie.douban.com/subject/26952153/,7,35956,9.20%,40.50%,43.70%,6.10%,0.40%
10574490,约会大师,https://movie.douban.com/subject/10574490/,null,NA,NA,NA,NA,NA,NA
26806316,我说的都是真的,https://movie.douban.com/subject/26806316/,4.6,12018,1.20%,6.50%,34.10%,38.10%,20.10%
27198129,爱的帕斯卡,https://movie.douban.com/subject/27198129/,null,NA,NA,NA,NA,NA,NA
27196380,花滑女王,https://movie.douban.com/subject/27196380/,6.7,18475,7.80%,30.40%,50.50%,10.00%,1.30%
26313740,玩命,https://movie.douban.com/subject/26313740/,6.4,50591,4.60%,26.40%,56.50%,11.10%,1.40%
4920389,头号玩家,https://movie.douban.com/subject/4920389/,8.7,1326567,48.50%,37.80%,11.90%,1.30%,0.40%
7056414,通勤营救,https://movie.douban.com/subject/7056414/,6.5,67991,3.90%,26.40%,59.90%,9.10%,0.70%
26715485,三伏天,https://movie.douban.com/subject/26715485/,4.7,2590,1.10%,6.20%,33.70%,46.50%,12.50%
30176977,二麻租媳妇,https://movie.douban.com/subject/30176977/,null,NA,NA,NA,NA,NA,NA
26718803,奇葩朵朵,https://movie.douban.com/subject/26718803/,4.2,19870,2.00%,4.90%,22.90%,39.30%,30.90%
26593732,清水里的刀子,https://movie.douban.com/subject/26593732/,6.5,5336,6.60%,25.60%,53.40%,12.80%,1.60%
26647117,暴裂无声,https://movie.douban.com/subject/26647117/,8.2,476874,31.20%,50.70%,16.10%,1.70%,0.30%
26942631,起跑线,https://movie.douban.com/subject/26942631/,7.9,208141,21.60%,52.90%,23.50%,1.80%,0.30%
27114911,猫与桃花源,https://movie.douban.com/subject/27114911/,6,9151,7.30%,19.80%,46.30%,20.50%,6.00%
26588783,冰雪女王三：火与冰,https://movie.douban.com/subject/26588783/,4.5,2856,1.00%,5.90%,36.30%,30.40%,26.50%
26384741,湮灭,https://movie.douban.com/subject/26384741/,7.2,351542,11.60%,43.10%,38.60%,5.70%,1.00%
25727544,寻找罗麦,https://movie.douban.com/subject/25727544/,4.2,6267,3.30%,6.10%,19.60%,39.80%,31.20%
26022319,西北风云,https://movie.douban.com/subject/26022319/,3.4,2116,1.80%,2.40%,12.40%,32.90%,50.60%
26692647,毕业作品,https://movie.douban.com/subject/26692647/,3.3,4000,0.00%,1.50%,11.30%,37.70%,49.50%
1892134,夺命来电,https://movie.douban.com/subject/1892134/,4.5,6106,1.40%,3.40%,31.20%,48.80%,15.30%
30180521,二师兄来了,https://movie.douban.com/subject/30180521/,null,NA,NA,NA,NA,NA,NA
30171599,青春后驱动,https://movie.douban.com/subject/30171599/,null,NA,NA,NA,NA,NA,NA
26430636,狂暴巨兽,https://movie.douban.com/subject/26430636/,6.3,160401,4.80%,22.30%,57.60%,13.40%,1.80%
27200820,凌晨两点半,https://movie.douban.com/subject/27200820/,2.1,679,0.00%,0.00%,0.00%,3.20%,96.80%
30183443,壹号别墅,https://movie.douban.com/subject/30183443/,null,NA,NA,NA,NA,NA,NA
27077266,米花之味,https://movie.douban.com/subject/27077266/,7.3,24083,11.50%,48.90%,35.00%,3.90%,0.70%
26602305,二十一克拉,https://movie.douban.com/subject/26602305/,null,NA,NA,NA,NA,NA,NA
26661189,脱单告急,https://movie.douban.com/subject/26661189/,5.4,21137,4.20%,13.10%,41.30%,31.50%,9.90%
26760161,冰封迷案,https://movie.douban.com/subject/26760161/,3.2,629,2.30%,0.00%,4.70%,41.90%,51.20%
26640371,犬之岛,https://movie.douban.com/subject/26640371/,8.2,228189,32.50%,49.50%,16.40%,1.30%,0.30%
27149979,理想之路,https://movie.douban.com/subject/27149979/,null,NA,NA,NA,NA,NA,NA
30188193,求求你爱上我,https://movie.douban.com/subject/30188193/,4.8,2828,6.90%,8.90%,25.70%,34.70%,23.80%
27592569,雪葬,https://movie.douban.com/subject/27592569/,6.5,779,15.60%,17.80%,48.90%,13.30%,4.40%
26935777,玛丽与魔女之花,https://movie.douban.com/subject/26935777/,6.2,37551,4.70%,19.90%,59.50%,14.10%,1.70%
25881611,战神纪,https://movie.douban.com/subject/25881611/,3.4,13819,7.80%,3.10%,5.70%,18.40%,65.00%
26924141,低压槽：欲望之城,https://movie.douban.com/subject/26924141/,4.3,16658,3.10%,6.10%,23.40%,39.80%,27.50%
26715657,幕后玩家,https://movie.douban.com/subject/26715657/,7.6,16603,20.10%,46.70%,29.00%,3.50%,0.70%
26683723,后来的我们,https://movie.douban.com/subject/26683723/,5.9,359241,7.20%,19.90%,42.80%,21.70%,8.40%
30187395,午夜十二点,https://movie.douban.com/subject/30187395/,null,NA,NA,NA,NA,NA,NA
26868408,黄金花,https://movie.douban.com/subject/26868408/,6.5,7429,4.20%,27.20%,57.20%,10.40%,1.00%
30198302,尖叫直播,https://movie.douban.com/subject/30198302/,null,NA,NA,NA,NA,NA,NA
30183489,小公主艾薇拉与神秘王国,https://movie.douban.com/subject/30183489/,null,NA,NA,NA,NA,NA,NA
26769474,香港大营救,https://movie.douban.com/subject/26769474/,4.4,1063,2.20%,4.50%,27.00%,43.80%,22.50%
26420932,巴霍巴利王二：终结,https://movie.douban.com/subject/26420932/,7,50922,13.00%,37.40%,40.10%,7.80%,1.80%
27148201,我们的青春岁月,https://movie.douban.com/subject/27148201/,null,NA,NA,NA,NA,NA,NA
5330387,青年马克思,https://movie.douban.com/subject/5330387/,6.6,10783,9.10%,26.40%,49.70%,12.30%,2.50%
30183444,任性的硬币,https://movie.douban.com/subject/30183444/,null,NA,NA,NA,NA,NA,NA
26968024,我是你妈,https://movie.douban.com/subject/26968024/,4.8,14349,2.60%,8.80%,31.60%,39.10%,17.90%
26610786,战犬瑞克斯,https://movie.douban.com/subject/26610786/,6.8,11757,8.10%,31.10%,53.20%,7.20%,0.40%
26241770,破门,https://movie.douban.com/subject/26241770/,8.6,1838,45.70%,40.50%,11.20%,2.30%,0.30%
24773958,复仇者联盟三：无限战争（上）,https://movie.douban.com/subject/24773958/,8.1,759950,33.40%,43.50%,19.80%,2.40%,0.90%
26720366,寻找女神·娇阿依,https://movie.douban.com/subject/26720366/,null,NA,NA,NA,NA,NA,NA
26682831,天梦,https://movie.douban.com/subject/26682831/,null,NA,NA,NA,NA,NA,NA
27608425,亲爱的，我要和别人结婚了,https://movie.douban.com/subject/27608425/,4.2,918,4.90%,2.40%,31.70%,22.00%,39.00%
30212331,找爱之旅,https://movie.douban.com/subject/30212331/,null,NA,NA,NA,NA,NA,NA
26909423,路过未来,https://movie.douban.com/subject/26909423/,6.5,7101,9.10%,26.30%,47.40%,14.90%,2.40%
27065636,七号公馆,https://movie.douban.com/subject/27065636/,null,NA,NA,NA,NA,NA,NA
30167129,荒城纪,https://movie.douban.com/subject/30167129/,6.8,11238,8.60%,33.90%,46.30%,9.90%,1.30%
26997663,寂静之地,https://movie.douban.com/subject/26997663/,6.3,295754,5.40%,25.90%,50.10%,15.30%,3.20%
27133303,超时空同居,https://movie.douban.com/subject/27133303/,6.8,508702,8.00%,34.30%,48.50%,8.10%,1.10%
26877106,昼颜 电影版,https://movie.douban.com/subject/26877106/,6.4,89457,7.10%,24.30%,50.20%,15.80%,2.50%
30207684,火魔高跟鞋,https://movie.douban.com/subject/30207684/,null,NA,NA,NA,NA,NA,NA
30176809,擒贼先擒王,https://movie.douban.com/subject/30176809/,null,NA,NA,NA,NA,NA,NA
30197981,时间暗局,https://movie.douban.com/subject/30197981/,null,NA,NA,NA,NA,NA,NA
26799232,西小河的夏天,https://movie.douban.com/subject/26799232/,6.6,16085,5.90%,31.10%,52.10%,9.90%,1.00%
27041538,神谕通天,https://movie.douban.com/subject/27041538/,null,NA,NA,NA,NA,NA,NA
25918677,命运速递,https://movie.douban.com/subject/25918677/,6.2,6568,6.00%,23.80%,47.80%,19.00%,3.40%
26614893,完美陌生人,https://movie.douban.com/subject/26614893/,8.5,508718,40.00%,47.00%,12.00%,0.80%,0.20%
25900947,游侠索罗：星球大战外传,https://movie.douban.com/subject/25900947/,6.8,60747,8.70%,32.40%,48.10%,9.70%,1.10%
30197104,雾都神探之绝情箭,https://movie.douban.com/subject/30197104/,null,NA,NA,NA,NA,NA,NA
30212356,策反,https://movie.douban.com/subject/30212356/,null,NA,NA,NA,NA,NA,NA
25836137,爱是永恒,https://movie.douban.com/subject/25836137/,6.4,1383,14.00%,20.60%,41.60%,19.10%,4.80%
26931155,给十九岁的我自己,https://movie.douban.com/subject/26931155/,4.9,3830,5.10%,10.20%,29.40%,37.60%,17.80%
27043980,我的宠物恐龙,https://movie.douban.com/subject/27043980/,4.1,1408,1.70%,3.40%,22.40%,44.80%,27.60%
30234931,三界,https://movie.douban.com/subject/30234931/,null,NA,NA,NA,NA,NA,NA
30146980,潜艇总动员：海底两万里,https://movie.douban.com/subject/30146980/,4,1253,0.00%,3.90%,33.30%,19.60%,43.10%
30215891,寻找雪山,https://movie.douban.com/subject/30215891/,null,NA,NA,NA,NA,NA,NA
30210411,毛骨悚然之红衣男孩,https://movie.douban.com/subject/30210411/,null,NA,NA,NA,NA,NA,NA
30166791,魔镜奇缘二,https://movie.douban.com/subject/30166791/,null,NA,NA,NA,NA,NA,NA
27069070,哆啦A梦：大雄的金银岛,https://movie.douban.com/subject/27069070/,6.4,39187,8.10%,24.20%,51.60%,13.20%,2.90%
27087885,我想和你们在一起,https://movie.douban.com/subject/27087885/,null,NA,NA,NA,NA,NA,NA
30215189,蓝色金鱼,https://movie.douban.com/subject/30215189/,null,NA,NA,NA,NA,NA,NA
27157647,暗夜良人,https://movie.douban.com/subject/27157647/,3.8,798,1.20%,2.40%,16.90%,44.60%,34.90%
26949264,深海越狱,https://movie.douban.com/subject/26949264/,4.2,10510,1.80%,2.30%,25.30%,47.10%,23.50%
26813286,幸福马上来,https://movie.douban.com/subject/26813286/,3.7,12379,2.10%,2.50%,16.50%,37.70%,41.30%
26864182,一纸婚约,https://movie.douban.com/subject/26864182/,2.7,7631,2.00%,0.60%,8.00%,11.70%,77.70%
30230515,那年，我还没长大,https://movie.douban.com/subject/30230515/,null,NA,NA,NA,NA,NA,NA
27098062,别让爱情走弯路,https://movie.douban.com/subject/27098062/,null,NA,NA,NA,NA,NA,NA
26942645,厕所英雄,https://movie.douban.com/subject/26942645/,7.1,100470,11.30%,39.90%,42.40%,5.60%,0.80%
30205398,因果启示录,https://movie.douban.com/subject/30205398/,null,NA,NA,NA,NA,NA,NA
30212351,恐怖浴室,https://movie.douban.com/subject/30212351/,2.2,1204,0.00%,0.00%,3.30%,3.30%,93.30%
30211728,一个人的江湖,https://movie.douban.com/subject/30211728/,3.8,592,4.90%,2.40%,17.10%,26.80%,48.80%
30217368,盯上小偷的贼,https://movie.douban.com/subject/30217368/,null,NA,NA,NA,NA,NA,NA
30133750,疯狂这一年,https://movie.douban.com/subject/30133750/,5.6,289,3.30%,10.00%,60.00%,16.70%,10.00%
30198241,时间监狱,https://movie.douban.com/subject/30198241/,null,NA,NA,NA,NA,NA,NA
2342687,家,https://movie.douban.com/subject/2342687/,8.1,2320,29.10%,50.20%,18.90%,1.10%,0.70%
27195080,泄密者,https://movie.douban.com/subject/27195080/,5.3,28898,1.40%,8.60%,48.70%,35.40%,5.80%
26425435,泡菜爱上小龙虾,https://movie.douban.com/subject/26425435/,2.7,891,3.60%,1.80%,1.80%,10.70%,82.10%
26888820,血十三,https://movie.douban.com/subject/26888820/,4.3,1352,2.80%,2.10%,26.20%,47.60%,21.40%
26818314,猛虫过江,https://movie.douban.com/subject/26818314/,3.7,43729,2.80%,2.90%,16.20%,33.50%,44.70%
26416062,侏罗纪世界二,https://movie.douban.com/subject/26416062/,6.6,370813,6.70%,30.60%,52.10%,9.40%,1.20%
26791910,吃货宇宙,https://movie.douban.com/subject/26791910/,5.7,3222,4.70%,17.20%,41.80%,28.90%,7.30%
30224724,疯狂的麻将,https://movie.douban.com/subject/30224724/,4.8,525,8.60%,5.70%,25.70%,37.10%,22.90%
25971649,第七个小矮人,https://movie.douban.com/subject/25971649/,6.3,860,7.80%,25.50%,51.00%,3.90%,11.80%
27166974,监狱犬计划,https://movie.douban.com/subject/27166974/,3.5,835,2.00%,2.00%,14.00%,34.00%,48.00%
26990268,凤凰城遗忘录,https://movie.douban.com/subject/26990268/,5.9,2460,2.60%,20.20%,49.60%,22.80%,4.80%
25849049,超人总动员二,https://movie.douban.com/subject/25849049/,7.8,258106,21.80%,48.80%,27.30%,2.00%,0.10%
26677141,伊阿索密码,https://movie.douban.com/subject/26677141/,3.4,876,0.00%,0.00%,13.00%,46.30%,40.70%
26992383,龙虾刑警,https://movie.douban.com/subject/26992383/,4.8,76492,1.20%,5.80%,36.90%,42.80%,13.20%
26815162,生存家族,https://movie.douban.com/subject/26815162/,8,121095,23.90%,55.20%,19.10%,1.50%,0.30%
30230633,致命夺宝,https://movie.douban.com/subject/30230633/,null,NA,NA,NA,NA,NA,NA
30183834,出走的娜拉,https://movie.douban.com/subject/30183834/,null,NA,NA,NA,NA,NA,NA
1305690,阿飞正传,https://movie.douban.com/subject/1305690/,8.5,489956,39.90%,46.40%,12.80%,0.80%,0.20%
27175526,明天有多远,https://movie.douban.com/subject/27175526/,null,NA,NA,NA,NA,NA,NA
3838052,马兰花开,https://movie.douban.com/subject/3838052/,7.1,111,17.70%,31.60%,41.80%,7.60%,1.30%
27667334,暹罗决：九神战甲,https://movie.douban.com/subject/27667334/,6.6,3139,7.90%,28.10%,52.00%,10.20%,1.80%
26905469,金蝉脱壳二,https://movie.douban.com/subject/26905469/,3.2,43698,0.50%,1.60%,10.70%,31.10%,56.00%
24843621,地下凶猛,https://movie.douban.com/subject/24843621/,null,NA,NA,NA,NA,NA,NA
26925317,动物世界,https://movie.douban.com/subject/26925317/,7.2,539642,11.40%,44.00%,37.30%,5.80%,1.50%
27045333,凤皇传,https://movie.douban.com/subject/27045333/,null,NA,NA,NA,NA,NA,NA
27202825,最后一球,https://movie.douban.com/subject/27202825/,7.4,10994,18.10%,39.30%,38.20%,4.20%,0.30%
1466493,姽婳,https://movie.douban.com/celebrity/1466493/,null,NA,NA,NA,NA,NA,NA
27622690,青春不留白,https://movie.douban.com/subject/27622690/,null,NA,NA,NA,NA,NA,NA
26951955,恋爱101度,https://movie.douban.com/subject/26951955/,null,NA,NA,NA,NA,NA,NA
26775743,快乐星球之三十六号,https://movie.douban.com/subject/26775743/,null,NA,NA,NA,NA,NA,NA
26614101,红盾先锋,https://movie.douban.com/subject/26614101/,null,NA,NA,NA,NA,NA,NA
26725114,心灵救赎,https://movie.douban.com/subject/26725114/,null,NA,NA,NA,NA,NA,NA
26752088,我不是药神,https://movie.douban.com/subject/26752088/,9,2034222,58.70%,33.70%,6.90%,0.50%,0.20%
30235134,细思极恐,https://movie.douban.com/subject/30235134/,2.4,662,0.00%,0.00%,6.10%,6.10%,87.90%
30255216,您一定不要错过,https://movie.douban.com/subject/30255216/,5.7,2213,21.10%,11.30%,24.80%,17.30%,25.60%
1296623,只能活一个,https://movie.douban.com/subject/1296623/,7.7,22604,21.10%,47.10%,28.30%,2.90%,0.50%
30198729,新大头儿子和小头爸爸三：俄罗斯奇遇记,https://movie.douban.com/subject/30198729/,4.8,4628,5.90%,7.40%,34.80%,25.20%,26.70%
30261979,左滩,https://movie.douban.com/subject/30261979/,null,NA,NA,NA,NA,NA,NA
27053277,格桑花开的时候,https://movie.douban.com/subject/27053277/,null,NA,NA,NA,NA,NA,NA
30183825,海龙屯,https://movie.douban.com/subject/30183825/,8.1,2770,29.20%,49.10%,19.60%,2.10%,0.00%
26366496,邪不压正,https://movie.douban.com/subject/26366496/,7,683638,14.20%,36.70%,38.30%,8.40%,2.30%
26746958,阿修罗,https://movie.douban.com/subject/26746958/,3,18093,2.90%,2.10%,8.20%,17.10%,69.60%
30249257,天佑之爱,https://movie.douban.com/subject/30249257/,null,NA,NA,NA,NA,NA,NA
30227725,小悟空,https://movie.douban.com/subject/30227725/,4.6,1176,2.90%,5.90%,35.30%,32.40%,23.50%
30252555,八只鸡,https://movie.douban.com/subject/30252555/,null,NA,NA,NA,NA,NA,NA
30262110,闺蜜的战争,https://movie.douban.com/subject/30262110/,3.5,385,3.40%,3.40%,13.80%,24.10%,55.20%
26930056,汪星卧底,https://movie.douban.com/subject/26930056/,6,3510,3.50%,17.50%,60.30%,14.40%,4.30%
26660063,淘气大侦探,https://movie.douban.com/subject/26660063/,6.7,3570,7.50%,29.50%,53.50%,8.60%,0.80%
25881500,玛雅蜜蜂历险记,https://movie.douban.com/subject/25881500/,6.2,496,11.10%,14.80%,53.70%,13.00%,7.40%
26988003,兄弟班,https://movie.douban.com/subject/26988003/,5.4,1318,3.10%,11.70%,46.10%,32.00%,7.00%
27079318,北方一片苍茫,https://movie.douban.com/subject/27079318/,6.7,15230,8.20%,34.90%,44.20%,10.70%,2.00%
26804147,摩天营救,https://movie.douban.com/subject/26804147/,6.3,165672,4.20%,21.30%,60.00%,12.70%,1.80%
26253783,神奇马戏团,https://movie.douban.com/subject/26253783/,5.7,4658,5.90%,11.40%,49.10%,28.00%,5.50%
26974912,请把生命交给我,https://movie.douban.com/subject/26974912/,null,NA,NA,NA,NA,NA,NA
25882296,狄仁杰之四大天王,https://movie.douban.com/subject/25882296/,6.1,263031,4.70%,22.90%,49.40%,18.80%,4.20%
30252429,文朝荣,https://movie.douban.com/subject/30252429/,null,NA,NA,NA,NA,NA,NA
27180974,浴血广昌,https://movie.douban.com/subject/27180974/,4.4,1101,3.00%,9.10%,27.30%,24.20%,36.40%
27605698,西虹市首富,https://movie.douban.com/subject/27605698/,6.6,989506,10.30%,28.60%,43.60%,13.50%,4.00%
27622447,小偷家族,https://movie.douban.com/subject/27622447/,8.7,790247,45.00%,44.70%,9.40%,0.70%,0.20%
26754880,萌学园：寻找盘古,https://movie.douban.com/subject/26754880/,null,NA,NA,NA,NA,NA,NA
26767512,解码游戏,https://movie.douban.com/subject/26767512/,3.7,4689,2.60%,3.30%,15.70%,34.40%,43.90%
30285932,三十那年,https://movie.douban.com/subject/30285932/,null,NA,NA,NA,NA,NA,NA
30208005,神秘世界历险记四,https://movie.douban.com/subject/30208005/,5.3,1388,3.90%,13.70%,39.20%,27.50%,15.70%
27050259,妈妈咪呀二：再次出发,https://movie.douban.com/subject/27050259/,6.9,26865,11.60%,32.10%,45.60%,9.50%,1.30%
27615564,的士速递五,https://movie.douban.com/subject/27615564/,5.4,25986,3.20%,10.00%,45.70%,33.30%,7.80%
30156898,肆式青春,https://movie.douban.com/subject/30156898/,5.6,29201,4.00%,15.60%,42.50%,30.90%,7.00%
30146756,风语咒,https://movie.douban.com/subject/30146756/,6.8,148090,12.20%,31.40%,42.60%,11.40%,2.50%
30274733,真心话太冒险,https://movie.douban.com/subject/30274733/,null,NA,NA,NA,NA,NA,NA
27104330,李保国,https://movie.douban.com/subject/27104330/,7.4,1771,26.60%,31.30%,31.30%,6.30%,4.70%
3926132,爱情公寓,https://movie.douban.com/subject/3926132/,8.1,228114,40.90%,37.20%,13.50%,2.40%,6.10%
26290398,美食大冒险之英雄烩,https://movie.douban.com/subject/26290398/,6.8,4533,16.10%,26.50%,40.60%,14.80%,1.90%
26426194,巨齿鲨,https://movie.douban.com/subject/26426194/,5.7,209187,2.70%,13.30%,54.60%,24.60%,4.90%
26985127,一出好戏,https://movie.douban.com/subject/26985127/,7.1,875385,12.40%,40.60%,37.80%,7.30%,1.90%
34883159,生如夏花,https://movie.douban.com/subject/34883159/,8.2,9428,38.10%,37.40%,20.00%,3.50%,1.00%
26636841,最后的棒棒,https://movie.douban.com/subject/26636841/,9.7,29966,85.10%,12.90%,1.60%,0.20%,0.20%
26309969,新乌龙院之笑闹江湖,https://movie.douban.com/subject/26309969/,3.5,20423,0.90%,3.20%,14.60%,33.40%,47.90%
26351812,欧洲攻略,https://movie.douban.com/subject/26351812/,3.5,62457,2.50%,2.20%,14.40%,31.40%,49.60%
26630714,精灵旅社三,https://movie.douban.com/subject/26630714/,6.6,133380,8.30%,27.70%,53.00%,10.00%,1.00%
30122633,快把我哥带走,https://movie.douban.com/subject/30122633/,6.8,382947,10.70%,32.10%,44.60%,10.60%,2.00%
26677970,我来自纽约,https://movie.douban.com/subject/26677970/,7.2,746,20.00%,27.50%,45.00%,7.50%,0.00%
30236775,旅行吧！井底之蛙,https://movie.douban.com/subject/30236775/,null,NA,NA,NA,NA,NA,NA
27119292,大三儿,https://movie.douban.com/subject/27119292/,7.5,13502,17.20%,47.70%,30.90%,3.50%,0.70%
30291398,疯狂暑期之哈喽怪物,https://movie.douban.com/subject/30291398/,null,NA,NA,NA,NA,NA,NA
25966209,出山,https://movie.douban.com/subject/25966209/,null,NA,NA,NA,NA,NA,NA
30255226,穿越爱,https://movie.douban.com/subject/30255226/,null,NA,NA,NA,NA,NA,NA
30176525,深海历险记,https://movie.douban.com/subject/30176525/,4.7,400,4.00%,12.00%,24.00%,36.00%,24.00%
30199575,让我怎么相信你,https://movie.douban.com/subject/30199575/,5,1409,6.20%,10.00%,33.10%,30.80%,20.00%
30276726,爸，我一定行的,https://movie.douban.com/subject/30276726/,6.3,7356,15.20%,19.80%,37.20%,20.30%,7.40%
30296129,怒放的花儿,https://movie.douban.com/subject/30296129/,null,NA,NA,NA,NA,NA,NA
30244759,信仰者,https://movie.douban.com/subject/30244759/,6.6,899,20.00%,14.30%,48.60%,11.40%,5.70%
1301465,纯真年代,https://movie.douban.com/subject/1301465/,8.2,55872,30.40%,49.30%,18.60%,1.50%,0.30%
26636712,蚁人二：黄蜂女现身,https://movie.douban.com/subject/26636712/,7.3,433024,11.30%,44.90%,39.20%,4.10%,0.40%
26906870,奇怪的袜子精灵,https://movie.douban.com/subject/26906870/,6.5,697,6.50%,30.60%,48.40%,12.90%,1.60%
26615753,黑子的篮球：终极一战,https://movie.douban.com/subject/26615753/,6.3,13572,9.40%,22.50%,47.90%,16.20%,4.00%
30237381,惊慌失色之诡寓,https://movie.douban.com/subject/30237381/,null,NA,NA,NA,NA,NA,NA
27107604,天下第一镖局,https://movie.douban.com/subject/27107604/,3.9,1301,0.00%,6.10%,15.90%,46.30%,31.70%
27201353,大师兄,https://movie.douban.com/subject/27201353/,5.1,41766,3.00%,8.40%,40.80%,36.80%,11.00%
27021609,超大号美人,https://movie.douban.com/subject/27021609/,6.3,14337,5.80%,21.90%,54.70%,14.90%,2.70%
1013986,摇滚小子,https://movie.douban.com/celebrity/1013986/,null,NA,NA,NA,NA,NA,NA
30185214,李学生,https://movie.douban.com/subject/30185214/,null,NA,NA,NA,NA,NA,NA
26759818,曹操与杨修,https://movie.douban.com/subject/26759818/,9.1,81,67.20%,25.90%,3.40%,0.00%,3.40%
30227735,萌宠入殓师,https://movie.douban.com/subject/30227735/,null,NA,NA,NA,NA,NA,NA
26728641,苏丹,https://movie.douban.com/subject/26728641/,6.7,16292,9.30%,30.80%,48.20%,10.20%,1.50%
26336252,碟中谍六：全面瓦解,https://movie.douban.com/subject/26336252/,8.1,490946,27.40%,50.90%,19.90%,1.60%,0.30%
30208007,藏北秘岭·重返无人区,https://movie.douban.com/subject/30208007/,5.7,5848,7.50%,17.70%,39.10%,23.40%,12.40%
30238277,足球王者,https://movie.douban.com/subject/30238277/,null,NA,NA,NA,NA,NA,NA
30263334,解剖室灵异事件之男生宿舍,https://movie.douban.com/subject/30263334/,2.4,591,0.00%,0.00%,8.60%,2.90%,88.60%
26574965,那些女人,https://movie.douban.com/subject/26574965/,6,12038,14.30%,15.70%,38.00%,21.10%,10.90%
3073268,传奇的诞生,https://movie.douban.com/subject/3073268/,7.7,32495,20.40%,45.70%,30.60%,2.90%,0.30%
26928809,吻隐者,https://movie.douban.com/subject/26928809/,4,960,6.10%,2.40%,17.10%,31.70%,42.70%
25978207,那条河,https://movie.douban.com/subject/25978207/,9.3,56048,70.00%,24.00%,5.40%,0.50%,0.10%
26954268,道高一丈,https://movie.douban.com/subject/26954268/,4.7,8179,2.60%,4.90%,33.90%,41.80%,16.90%
27204180,草戒指,https://movie.douban.com/subject/27204180/,null,NA,NA,NA,NA,NA,NA
27107609,过往的梦,https://movie.douban.com/subject/27107609/,null,NA,NA,NA,NA,NA,NA
26810318,阿尔法：狼伴归途,https://movie.douban.com/subject/26810318/,6.4,42880,6.80%,23.40%,54.80%,13.30%,1.70%
27195119,李宗伟：败者为王,https://movie.douban.com/subject/27195119/,6.9,9630,12.70%,30.40%,45.30%,11.10%,0.50%
30259493,黑暗深处之惊魂夜,https://movie.douban.com/subject/30259493/,null,NA,NA,NA,NA,NA,NA
25725222,守望一生,https://movie.douban.com/subject/25725222/,null,NA,NA,NA,NA,NA,NA
30327768,远去的牧歌,https://movie.douban.com/subject/30327768/,6.9,1798,12.50%,35.40%,38.50%,12.50%,1.00%
27191430,勇敢往事,https://movie.douban.com/subject/27191430/,null,NA,NA,NA,NA,NA,NA
30311865,古墓兽影,https://movie.douban.com/subject/30311865/,3.1,1038,0.00%,0.00%,11.00%,32.90%,56.20%
26916229,镰仓物语,https://movie.douban.com/subject/26916229/,6.9,124658,10.80%,33.30%,46.40%,8.60%,1.00%
30305663,审判者1,https://movie.douban.com/subject/30305663/,3.7,291,0.00%,0.00%,20.00%,45.70%,34.30%
26869119,念念手纪,https://movie.douban.com/subject/26869119/,6.7,25324,10.00%,28.80%,46.70%,12.60%,1.90%
26607969,未择之路,https://movie.douban.com/subject/26607969/,6.7,17416,5.80%,31.60%,53.10%,8.70%,0.90%
27611552,说走就走之不说再见,https://movie.douban.com/subject/27611552/,4.1,1507,7.40%,3.70%,20.40%,24.10%,44.40%
26996640,反贪风暴三,https://movie.douban.com/subject/26996640/,5.7,117209,3.20%,13.20%,52.80%,26.50%,4.30%
26785020,黑蝴蝶,https://movie.douban.com/subject/26785020/,6.6,1272,10.20%,26.50%,46.90%,13.30%,3.10%
30227727,禹神传之寻找神力,https://movie.douban.com/subject/30227727/,null,NA,NA,NA,NA,NA,NA
27181026,漂亮的村事,https://movie.douban.com/subject/27181026/,null,NA,NA,NA,NA,NA,NA
30327877,特别追踪,https://movie.douban.com/subject/30327877/,4,1201,1.10%,2.30%,27.60%,33.30%,35.60%
30308908,我是检察官,https://movie.douban.com/subject/30308908/,null,NA,NA,NA,NA,NA,NA
3078549,虎胆追凶,https://movie.douban.com/subject/3078549/,6.5,26660,3.90%,25.70%,60.90%,8.40%,1.10%
27597216,极品师徒,https://movie.douban.com/subject/27597216/,null,NA,NA,NA,NA,NA,NA
26606774,关关雎鸠,https://movie.douban.com/subject/26606774/,null,NA,NA,NA,NA,NA,NA
30313579,舌尖上的斗争,https://movie.douban.com/subject/30313579/,null,NA,NA,NA,NA,NA,NA
27102569,悲伤逆流成河,https://movie.douban.com/subject/27102569/,5.8,252454,7.60%,19.60%,38.00%,24.60%,10.20%
30312917,天刃,https://movie.douban.com/subject/30312917/,null,NA,NA,NA,NA,NA,NA
26972258,江湖儿女,https://movie.douban.com/subject/26972258/,7.6,285261,17.00%,50.10%,29.00%,3.40%,0.60%
26858594,哥斯拉：怪兽行星,https://movie.douban.com/subject/26858594/,6.2,12146,4.20%,20.00%,57.30%,16.80%,1.70%
27020981,天慕,https://movie.douban.com/subject/27020981/,null,NA,NA,NA,NA,NA,NA
27069427,黄金兄弟,https://movie.douban.com/subject/27069427/,5,48698,3.30%,7.80%,37.30%,38.70%,12.90%
30324169,迷失的彩虹 古坠归来,https://movie.douban.com/subject/30324169/,null,NA,NA,NA,NA,NA,NA
30322390,亭城之恋,https://movie.douban.com/subject/30322390/,null,NA,NA,NA,NA,NA,NA
30327900,中学时代,https://movie.douban.com/subject/30327900/,null,NA,NA,NA,NA,NA,NA
24743257,冷恋时代,https://movie.douban.com/subject/24743257/,3.6,465,2.30%,0.00%,25.00%,22.70%,50.00%
30142649,大闹西游,https://movie.douban.com/subject/30142649/,4.9,1989,3.50%,8.00%,36.30%,35.40%,16.80%
26806099,爱猫之城,https://movie.douban.com/subject/26806099/,8.3,24669,35.10%,44.70%,18.80%,1.20%,0.20%
27092785,李茶的姑妈,https://movie.douban.com/subject/27092785/,4.6,314096,2.40%,7.20%,30.70%,37.70%,22.10%
4864908,影,https://movie.douban.com/subject/4864908/,7.2,571007,13.10%,43.70%,35.50%,6.20%,1.60%
26930565,营救汪星人,https://movie.douban.com/subject/26930565/,null,NA,NA,NA,NA,NA,NA
26425063,无双,https://movie.douban.com/subject/26425063/,8,904693,25.30%,52.30%,20.20%,1.80%,0.30%
27149818,胖子行动队,https://movie.douban.com/subject/27149818/,4.2,80562,3.00%,4.60%,24.70%,33.10%,34.60%
26816372,古剑奇谭之流月昭明,https://movie.douban.com/subject/26816372/,4.1,8526,5.30%,3.60%,18.20%,37.40%,35.40%
35791622,新灰姑娘,https://movie.douban.com/subject/35791622/,5,1760,8.80%,8.80%,30.80%,25.30%,26.40%
30208004,阿凡提之奇缘历险,https://movie.douban.com/subject/30208004/,4.7,2721,3.70%,6.80%,33.50%,31.40%,24.60%
26985179,假装不正经,https://movie.douban.com/subject/26985179/,null,NA,NA,NA,NA,NA,NA
27140071,找到你,https://movie.douban.com/subject/27140071/,7.3,197779,12.60%,44.80%,37.20%,4.60%,0.70%
30128986,午夜幽灵,https://movie.douban.com/subject/30128986/,null,NA,NA,NA,NA,NA,NA
26649627,超能泰坦,https://movie.douban.com/subject/26649627/,4.6,10497,1.60%,5.50%,29.90%,44.90%,18.10%
30140571,嗝嗝老师,https://movie.douban.com/subject/30140571/,7.4,91964,15.20%,46.00%,34.90%,3.50%,0.40%
30255138,张艺谋和他的“影”,https://movie.douban.com/subject/30255138/,7.1,9742,11.50%,40.20%,40.10%,6.50%,1.70%
26794854,帝企鹅日记二：召唤,https://movie.douban.com/subject/26794854/,7.3,3388,13.00%,44.90%,35.90%,5.90%,0.30%
30323188,恐龙王,https://movie.douban.com/subject/30323188/,5.9,2458,6.40%,21.10%,44.00%,20.20%,8.30%
30196863,我要去远方,https://movie.douban.com/subject/30196863/,null,NA,NA,NA,NA,NA,NA
30162995,沿海出发,https://movie.douban.com/subject/30162995/,5.9,425,9.80%,17.60%,39.20%,23.50%,9.80%
30336271,皮鞋,https://movie.douban.com/subject/30336271/,null,NA,NA,NA,NA,NA,NA
30347761,梦想者联盟,https://movie.douban.com/subject/30347761/,null,NA,NA,NA,NA,NA,NA
26944582,雪怪大冒险,https://movie.douban.com/subject/26944582/,7.3,29134,12.20%,44.50%,39.70%,3.30%,0.20%
27039069,宝贝儿,https://movie.douban.com/subject/27039069/,5.3,47676,4.10%,12.00%,40.90%,29.90%,13.10%
26999424,我的间谍前男友,https://movie.douban.com/subject/26999424/,6.1,47795,4.20%,20.80%,54.00%,18.30%,2.70%
26929835,跨越八年的新娘,https://movie.douban.com/subject/26929835/,6.8,11865,9.90%,28.80%,53.40%,7.40%,0.50%
26384292,无敌原始人,https://movie.douban.com/subject/26384292/,6.2,8103,4.20%,20.00%,57.10%,16.60%,2.00%
27201451,非洲遇见你,https://movie.douban.com/subject/27201451/,null,NA,NA,NA,NA,NA,NA
26857964,向阳的日子,https://movie.douban.com/subject/26857964/,5.9,713,5.90%,21.60%,45.10%,17.60%,9.80%
27204589,美丽战争,https://movie.douban.com/subject/27204589/,null,NA,NA,NA,NA,NA,NA
3538070,八仙,https://movie.douban.com/subject/3538070/,7.8,8872,23.00%,45.90%,27.50%,2.80%,0.80%
26290410,昨日青空,https://movie.douban.com/subject/26290410/,6.1,99313,7.30%,20.30%,46.30%,20.80%,5.20%
26878103,暮光·巴黎,https://movie.douban.com/subject/26878103/,3.9,1684,3.50%,5.30%,19.30%,28.10%,43.90%
26359246,灵魂契约,https://movie.douban.com/subject/26359246/,6.2,13101,5.50%,20.00%,55.10%,16.70%,2.80%
25867012,追鹰日记,https://movie.douban.com/subject/25867012/,7.6,6868,17.20%,47.50%,31.30%,3.60%,0.40%
30181130,阿拉姜色,https://movie.douban.com/subject/30181130/,7.6,22601,14.10%,54.80%,27.90%,2.90%,0.30%
35262994,铁血战士,https://movie.douban.com/subject/35262994/,6.4,32369,7.60%,24.60%,49.50%,14.60%,3.70%
30201164,寄生夙愿,https://movie.douban.com/subject/30201164/,null,NA,NA,NA,NA,NA,NA
19967776,冒牌恋人,https://movie.douban.com/subject/19967776/,null,NA,NA,NA,NA,NA,NA
27008394,功夫联盟,https://movie.douban.com/subject/27008394/,3.3,8759,1.20%,2.80%,10.70%,28.40%,56.90%
27603669,为你写诗,https://movie.douban.com/subject/27603669/,3.7,3651,3.70%,5.30%,12.20%,30.70%,48.10%
26715845,黑暗迷宫,https://movie.douban.com/subject/26715845/,5.2,7398,2.50%,11.20%,39.50%,35.60%,11.20%
10759740,滴答屋,https://movie.douban.com/subject/10759740/,5.4,18571,2.20%,9.50%,51.10%,31.30%,5.90%
25300674,冰封侠：时空行者,https://movie.douban.com/subject/25300674/,2.8,13118,1.50%,0.70%,6.20%,18.30%,73.30%
26756259,二十岁,https://movie.douban.com/subject/26756259/,3.8,2769,3.80%,3.20%,15.90%,33.10%,43.90%
26958765,堡藏,https://movie.douban.com/subject/26958765/,null,NA,NA,NA,NA,NA,NA
26685451,流浪猫鲍勃,https://movie.douban.com/subject/26685451/,7.9,201076,25.20%,48.00%,24.50%,2.10%,0.20%
26985916,你美丽了我的人生,https://movie.douban.com/subject/26985916/,6.1,701,19.20%,11.50%,34.60%,23.10%,11.50%
26793385,飓风奇劫,https://movie.douban.com/subject/26793385/,5.8,14671,2.30%,14.00%,56.80%,24.30%,2.60%
30346859,阴阳眼之瞳灵公馆,https://movie.douban.com/subject/30346859/,null,NA,NA,NA,NA,NA,NA
26741061,胡桃夹子与四个王国,https://movie.douban.com/subject/26741061/,5.9,91898,3.70%,15.70%,56.50%,21.30%,2.90%
3168101,毒液：致命守护者,https://movie.douban.com/subject/3168101/,7.2,807789,11.80%,42.00%,40.20%,5.30%,0.70%
25733522,自行车与旧电钢,https://movie.douban.com/subject/25733522/,8.5,3761,37.00%,50.00%,12.00%,0.80%,0.20%
27079337,台仙魔咒,https://movie.douban.com/subject/27079337/,null,NA,NA,NA,NA,NA,NA
27158277,产科男生,https://movie.douban.com/subject/27158277/,null,NA,NA,NA,NA,NA,NA
26774001,开学悸,https://movie.douban.com/subject/26774001/,4,829,5.20%,1.70%,24.10%,27.60%,41.40%
25857301,三国杀·幻,https://movie.douban.com/subject/25857301/,3.5,700,7.00%,2.30%,7.00%,25.60%,58.10%
27110363,名侦探柯南·零的执行人,https://movie.douban.com/subject/27110363/,5.7,116705,4.90%,13.10%,49.40%,26.90%,5.60%
26373536,地层深处,https://movie.douban.com/subject/26373536/,null,NA,NA,NA,NA,NA,NA
30143861,我的冤家是条狗,https://movie.douban.com/subject/30143861/,6.3,12185,5.30%,22.30%,54.80%,15.20%,2.50%
26771265,青春正蓝,https://movie.douban.com/subject/26771265/,null,NA,NA,NA,NA,NA,NA
27615233,你好，之华,https://movie.douban.com/subject/27615233/,6.7,257599,8.60%,31.60%,46.10%,11.40%,2.30%
30353531,两个俏公主,https://movie.douban.com/subject/30353531/,null,NA,NA,NA,NA,NA,NA
30374624,那些名字那些年,https://movie.douban.com/subject/30374624/,null,NA,NA,NA,NA,NA,NA
26730542,有五个姐姐的我就注定要单身了啊,https://movie.douban.com/subject/26730542/,4.2,3199,1.50%,4.50%,26.40%,40.00%,27.50%
27110296,无名之辈,https://movie.douban.com/subject/27110296/,8,995297,28.60%,47.60%,20.60%,2.70%,0.50%
27202758,梦境之源,https://movie.douban.com/subject/27202758/,null,NA,NA,NA,NA,NA,NA
26147417,神奇动物：格林德沃之罪,https://movie.douban.com/subject/26147417/,7,472318,12.90%,34.80%,42.70%,8.40%,1.20%
35073565,锁,https://movie.douban.com/subject/35073565/,4.3,125460,1.10%,4.10%,26.20%,46.50%,22.20%
30367732,最后一公里,https://movie.douban.com/subject/30367732/,null,NA,NA,NA,NA,NA,NA
30377126,追宝狂想曲,https://movie.douban.com/subject/30377126/,null,NA,NA,NA,NA,NA,NA
27614899,记忆折叠,https://movie.douban.com/subject/27614899/,3.4,396,0.00%,2.20%,15.20%,32.60%,50.00%
26847920,破梦游戏,https://movie.douban.com/subject/26847920/,3.6,1647,5.10%,3.00%,13.10%,26.30%,52.50%
30367751,正正的世界,https://movie.douban.com/subject/30367751/,null,NA,NA,NA,NA,NA,NA
27068535,笑神穷不怕,https://movie.douban.com/subject/27068535/,3.1,432,3.80%,0.00%,11.50%,15.40%,69.20%
30279917,爱在归来那一天,https://movie.douban.com/subject/30279917/,null,NA,NA,NA,NA,NA,NA
27662353,忠犬大营救,https://movie.douban.com/subject/27662353/,null,NA,NA,NA,NA,NA,NA
27102739,中国蓝盔,https://movie.douban.com/subject/27102739/,3.5,7520,2.80%,2.80%,13.40%,30.70%,50.30%
20438964,无敌破坏王二：大闹互联网,https://movie.douban.com/subject/20438964/,8,374336,28.60%,46.40%,22.60%,2.20%,0.30%
26656814,恐怖快递,https://movie.douban.com/subject/26656814/,2.2,517,0.00%,0.00%,3.10%,3.10%,93.80%
27073234,憨豆特工三,https://movie.douban.com/subject/27073234/,6.3,83416,5.90%,22.40%,56.20%,13.50%,2.00%
30362527,奶奶的家,https://movie.douban.com/subject/30362527/,null,NA,NA,NA,NA,NA,NA
1901329,克隆人,https://movie.douban.com/subject/1901329/,8.6,3755,45.40%,40.10%,12.90%,1.10%,0.30%
27125000,超萌特攻,https://movie.douban.com/subject/27125000/,null,NA,NA,NA,NA,NA,NA
35089901,生活万岁,https://movie.douban.com/subject/35089901/,5.7,3786,6.50%,19.60%,38.00%,20.70%,15.20%
30329714,冒牌搭档,https://movie.douban.com/subject/30329714/,3,1264,0.00%,1.80%,9.10%,25.50%,63.60%
26786642,摘金奇缘,https://movie.douban.com/subject/26786642/,6,116252,4.60%,20.00%,51.60%,19.30%,4.60%
27180977,在天堂等我,https://movie.douban.com/subject/27180977/,null,NA,NA,NA,NA,NA,NA
25909389,亡命救赎,https://movie.douban.com/subject/25909389/,5.8,7761,4.20%,14.30%,53.40%,24.30%,3.90%
30387540,奇幻梦之旅,https://movie.douban.com/subject/30387540/,null,NA,NA,NA,NA,NA,NA
30183666,老爸102岁,https://movie.douban.com/subject/30183666/,7.2,17783,14.40%,39.30%,38.20%,7.10%,1.00%
25891853,铁甲战神,https://movie.douban.com/subject/25891853/,4.2,1855,0.50%,3.60%,23.40%,49.20%,23.40%
30291126,天渠,https://movie.douban.com/subject/30291126/,5.9,640,10.80%,16.20%,45.90%,10.80%,16.20%
30317053,超时空大冒险,https://movie.douban.com/subject/30317053/,null,NA,NA,NA,NA,NA,NA
30387545,大唐风云二,https://movie.douban.com/subject/30387545/,null,NA,NA,NA,NA,NA,NA
26627694,天眸之爱,https://movie.douban.com/subject/26627694/,null,NA,NA,NA,NA,NA,NA
25789361,谁来陪伴我,https://movie.douban.com/subject/25789361/,null,NA,NA,NA,NA,NA,NA
27624662,同名男子,https://movie.douban.com/subject/27624662/,6.5,2658,5.50%,27.70%,53.60%,10.90%,2.30%
26870262,大烟炮！一千八！,https://movie.douban.com/subject/26870262/,6,371,3.40%,24.10%,48.30%,17.20%,6.90%
33429434,一百年很长吗,https://movie.douban.com/subject/33429434/,9,10583,58.90%,31.10%,8.70%,1.00%,0.20%
35033654,闽宁镇,https://movie.douban.com/subject/35033654/,9.2,419096,66.50%,28.10%,4.80%,0.40%,0.20%
25716096,狗十三,https://movie.douban.com/subject/25716096/,8.2,488921,33.10%,46.20%,17.20%,2.60%,0.90%
3878007,海王,https://movie.douban.com/subject/3878007/,7.6,855656,21.10%,43.00%,30.60%,4.40%,0.90%
30316400,爱不可及,https://movie.douban.com/subject/30316400/,null,NA,NA,NA,NA,NA,NA
27204895,进击的男孩,https://movie.douban.com/subject/27204895/,null,NA,NA,NA,NA,NA,NA
26937563,惊涛飓浪,https://movie.douban.com/subject/26937563/,6.7,14901,5.90%,30.70%,54.80%,8.30%,0.40%
10581281,左手右手,https://movie.douban.com/subject/10581281/,5.6,234,9.70%,15.30%,38.20%,18.80%,18.10%
26887153,冥王星时刻,https://movie.douban.com/subject/26887153/,6.5,15106,6.00%,30.60%,48.30%,12.30%,2.80%
30181498,云上日出,https://movie.douban.com/subject/30181498/,null,NA,NA,NA,NA,NA,NA
30387531,谁是坏孩子,https://movie.douban.com/subject/30387531/,null,NA,NA,NA,NA,NA,NA
30258232,照相师,https://movie.douban.com/subject/30258232/,5.2,1208,6.80%,10.20%,38.60%,25.00%,19.30%
30185236,黄大年,https://movie.douban.com/subject/30185236/,5.1,616,14.70%,5.90%,20.60%,35.30%,23.50%
1291560,龙猫,https://movie.douban.com/subject/1291560/,9.2,1225465,64.40%,29.50%,5.80%,0.20%,0.10%
27198855,印度合伙人,https://movie.douban.com/subject/27198855/,7.7,106475,17.80%,50.00%,29.70%,2.20%,0.30%
26974343,二胎来了,https://movie.douban.com/subject/26974343/,null,NA,NA,NA,NA,NA,NA
27615441,网络谜踪,https://movie.douban.com/subject/27615441/,8.5,494273,38.30%,49.60%,11.50%,0.60%,0.10%
23774869,绿毛怪格林奇,https://movie.douban.com/subject/23774869/,6.2,12984,4.90%,18.80%,57.90%,16.10%,2.30%
30379636,铁臂双雄,https://movie.douban.com/subject/30379636/,null,NA,NA,NA,NA,NA,NA
3649540,破天荒,https://movie.douban.com/subject/3649540/,null,NA,NA,NA,NA,NA,NA
30387535,最萌警探,https://movie.douban.com/subject/30387535/,5.2,4275,2.30%,5.10%,51.40%,31.50%,9.70%
34461279,来日方长,https://movie.douban.com/subject/34461279/,7.1,1394,10.70%,39.70%,43.90%,4.90%,0.70%
27611675,轻轻握住你的手,https://movie.douban.com/subject/27611675/,null,NA,NA,NA,NA,NA,NA
30304044,春天的马拉松,https://movie.douban.com/subject/30304044/,5.4,552,2.00%,16.30%,46.90%,20.40%,14.30%
26574964,正好的我们,https://movie.douban.com/subject/26574964/,null,NA,NA,NA,NA,NA,NA
27069377,淡蓝琥珀,https://movie.douban.com/subject/27069377/,6.2,4087,3.40%,23.30%,53.50%,17.30%,2.50%
30293828,中国合伙人二,https://movie.douban.com/subject/30293828/,4.1,10498,1.80%,3.80%,22.50%,39.00%,32.90%
30391430,爱在湘西,https://movie.douban.com/subject/30391430/,null,NA,NA,NA,NA,NA,NA
30214071,又是一年三月三,https://movie.douban.com/subject/30214071/,null,NA,NA,NA,NA,NA,NA
30316976,片警宝音,https://movie.douban.com/subject/30316976/,6.9,920,11.30%,29.60%,53.00%,6.10%,0.00%
26425062,武林怪兽,https://movie.douban.com/subject/26425062/,3.5,28502,1.70%,2.00%,14.80%,31.40%,50.00%
26994789,天气预爆,https://movie.douban.com/subject/26994789/,3.8,74083,2.20%,3.90%,17.60%,33.50%,42.90%
26796664,叶问外传：张天志,https://movie.douban.com/subject/26796664/,5.5,53355,2.50%,11.80%,50.60%,29.80%,5.20%
26374197,蜘蛛侠：平行宇宙,https://movie.douban.com/subject/26374197/,8.6,591380,44.80%,41.70%,12.30%,0.90%,0.20%
30379943,夜魔奇案,https://movie.douban.com/subject/30379943/,null,NA,NA,NA,NA,NA,NA
26662337,大路朝天,https://movie.douban.com/subject/26662337/,null,NA,NA,NA,NA,NA,NA
30296766,午夜整容室,https://movie.douban.com/subject/30296766/,3,1088,3.40%,1.70%,5.10%,20.30%,69.50%
1355389,信·守,https://movie.douban.com/celebrity/1355389/,null,NA,NA,NA,NA,NA,NA
30412312,寻娃总动员,https://movie.douban.com/subject/30412312/,null,NA,NA,NA,NA,NA,NA
30391453,苗寨情缘,https://movie.douban.com/subject/30391453/,null,NA,NA,NA,NA,NA,NA
30377703,来电狂响,https://movie.douban.com/subject/30377703/,5.7,281594,3.60%,16.90%,47.90%,25.90%,5.80%
26895438,神探狗笨吉,https://movie.douban.com/subject/26895438/,6.7,5338,10.70%,23.40%,55.60%,9.40%,1.00%
27019982,印度暴徒,https://movie.douban.com/subject/27019982/,5.9,29047,4.50%,15.50%,53.60%,21.00%,5.30%
30408622,拳职妈妈,https://movie.douban.com/subject/30408622/,null,NA,NA,NA,NA,NA,NA
30405009,热土,https://movie.douban.com/subject/30405009/,null,NA,NA,NA,NA,NA,NA
35042912,云南虫谷,https://movie.douban.com/subject/35042912/,6.1,157685,4.10%,19.90%,57.30%,16.70%,2.10%
26882457,断片之险途夺宝,https://movie.douban.com/subject/26882457/,2.9,22720,1.10%,1.20%,7.70%,19.80%,70.20%
30391458,午夜废墟,https://movie.douban.com/subject/30391458/,null,NA,NA,NA,NA,NA,NA
27097866,警车联盟,https://movie.douban.com/subject/27097866/,null,NA,NA,NA,NA,NA,NA
30292587,两只小猪之勇闯神秘岛,https://movie.douban.com/subject/30292587/,null,NA,NA,NA,NA,NA,NA
30176069,阿里巴巴三根金发,https://movie.douban.com/subject/30176069/,null,NA,NA,NA,NA,NA,NA
30387308,龟兔大作战,https://movie.douban.com/subject/30387308/,null,NA,NA,NA,NA,NA,NA
26633257,地球最后的夜晚,https://movie.douban.com/subject/26633257/,6.9,212984,16.10%,35.00%,31.40%,10.80%,6.80%
26712235,我的妈呀,https://movie.douban.com/subject/26712235/,7,4944,11.80%,36.00%,44.60%,7.20%,0.40%
27133167,真假森林王,https://movie.douban.com/subject/27133167/,null,NA,NA,NA,NA,NA,NA
26969722,初恋日记,https://movie.douban.com/subject/26969722/,5.1,1632,5.20%,9.60%,36.50%,34.80%,13.90%
21350556,三少爷的剑,https://movie.douban.com/subject/21350556/,4.8,81383,3.00%,9.10%,32.50%,36.70%,18.60%
26580232,看不见的客人,https://movie.douban.com/subject/26580232/,8.8,1215007,48.50%,41.60%,9.20%,0.50%,0.10%
22266126,王牌保镖,https://movie.douban.com/subject/22266126/,7.2,166154,10.20%,43.00%,42.20%,4.30%,0.40%
10438503,穆桂英挂帅,https://movie.douban.com/subject/10438503/,6.9,15701,16.40%,30.80%,38.30%,8.50%,5.90%
27024903,天才枪手,https://movie.douban.com/subject/27024903/,8.2,697329,27.60%,54.10%,16.80%,1.10%,0.30%
19899718,蓝精灵：寻找神秘村,https://movie.douban.com/subject/19899718/,6.2,18898,4.70%,19.60%,57.60%,16.20%,2.00%
25801066,西游伏妖篇,https://movie.douban.com/subject/25801066/,5.5,347563,7.70%,16.00%,36.10%,25.80%,14.40%
24751763,罗曼蒂克消亡史,https://movie.douban.com/subject/24751763/,7.7,388677,21.80%,47.70%,25.20%,4.20%,1.10%
25876760,少年巴比伦,https://movie.douban.com/subject/25876760/,6.7,40968,8.10%,31.60%,47.90%,10.70%,1.60%
26182910,功夫瑜伽,https://movie.douban.com/subject/26182910/,5,181811,3.60%,9.90%,35.30%,33.30%,18.00%
20471852,生化危机：终章,https://movie.douban.com/subject/20471852/,6.5,255037,8.50%,26.50%,48.70%,13.50%,2.80%
25884877,爸爸的3次婚礼,https://movie.douban.com/subject/25884877/,2.9,1427,1.80%,0.90%,5.40%,26.80%,65.20%
26125842,夺路而逃,https://movie.douban.com/subject/26125842/,3,2290,1.30%,0.70%,11.80%,19.00%,67.30%
25857966,鲛珠传,https://movie.douban.com/subject/25857966/,4.2,40176,1.50%,3.80%,24.30%,42.00%,28.40%
25845294,勇士之门,https://movie.douban.com/subject/25845294/,3.5,8047,2.20%,2.10%,13.40%,35.20%,47.10%
25911694,摆渡人,https://movie.douban.com/subject/25911694/,4.1,232566,5.00%,7.20%,19.50%,24.60%,43.70%
6982558,长城,https://movie.douban.com/subject/6982558/,4.9,390672,5.10%,10.90%,31.70%,27.10%,25.20%
26292682,神秘家族,https://movie.douban.com/subject/26292682/,4.8,11830,4.00%,9.10%,31.40%,34.50%,21.10%
25900945,美女与野兽,https://movie.douban.com/subject/25900945/,7.1,389542,13.80%,36.30%,42.40%,6.60%,0.80%
1291936,攻壳机动队,https://movie.douban.com/subject/1291936/,9.1,134585,62.00%,30.30%,6.80%,0.60%,0.20%
25708452,极速之巅,https://movie.douban.com/subject/25708452/,5.1,5864,2.00%,7.70%,45.30%,34.90%,10.10%
26253737,非常父子档,https://movie.douban.com/subject/26253737/,5.6,5463,3.10%,8.70%,58.50%,23.50%,6.20%
25983044,比利·林恩的中场战事,https://movie.douban.com/subject/25983044/,8.3,379973,36.20%,45.50%,16.40%,1.60%,0.30%
25765735,金刚狼三：殊死一战,https://movie.douban.com/subject/25765735/,8.3,411965,35.60%,45.60%,16.90%,1.50%,0.40%
26323026,临时演员,https://movie.douban.com/subject/26323026/,3.6,8720,1.00%,2.00%,17.40%,34.20%,45.50%
26910800,呆呆计划,https://movie.douban.com/subject/26910800/,3.2,1643,2.80%,1.40%,10.60%,23.40%,61.70%
26365631,冲天火,https://movie.douban.com/subject/26365631/,3.5,13404,0.80%,2.00%,14.50%,38.00%,44.80%
4078592,上海王,https://movie.douban.com/subject/4078592/,4.8,9336,2.10%,8.10%,33.30%,40.20%,16.20%
26279202,“吃吃”的爱,https://movie.douban.com/subject/26279202/,5.2,55441,6.00%,10.30%,36.80%,33.40%,13.50%
26389696,大闹天竺,https://movie.douban.com/subject/26389696/,3.7,119571,2.70%,3.50%,16.80%,30.50%,46.50%
25863024,仙球大战,https://movie.douban.com/subject/25863024/,2.4,6774,1.00%,0.00%,4.40%,8.60%,86.00%
25975243,三生三世十里桃花,https://movie.douban.com/subject/25975243/,6.6,321683,18.00%,27.10%,32.10%,10.20%,12.60%
26425081,合约男女,https://movie.douban.com/subject/26425081/,4.3,14748,2.30%,3.90%,26.10%,42.80%,24.90%
26590030,夜闯寡妇村,https://movie.douban.com/subject/26590030/,2.3,2741,0.80%,0.00%,2.50%,5.00%,91.70%
26616894,青春逗,https://movie.douban.com/subject/26616894/,2.9,1073,0.00%,0.00%,7.30%,29.30%,63.40%
26389069,铁道飞虎,https://movie.douban.com/subject/26389069/,5.1,89152,4.10%,11.50%,38.70%,25.60%,20.10%
26293468,我的诗篇,https://movie.douban.com/subject/26293468/,7.5,7623,22.70%,38.20%,30.50%,6.50%,2.00%
26309788,金刚：骷髅岛,https://movie.douban.com/subject/26309788/,6.5,229020,6.50%,27.90%,52.60%,11.00%,1.90%
26644002,傲娇与偏见,https://movie.douban.com/subject/26644002/,4.7,93506,4.00%,8.80%,30.40%,31.40%,25.50%
26630781,我不是潘金莲,https://movie.douban.com/subject/26630781/,6.7,256616,9.50%,34.60%,42.20%,10.10%,3.70%
26035290,悟空传,https://movie.douban.com/subject/26035290/,5.1,226003,4.50%,10.30%,35.30%,33.60%,16.20%
26658568,28岁未成年,https://movie.douban.com/subject/26658568/,5.7,106649,5.80%,16.50%,42.30%,26.00%,9.30%
30304994,奇异博士,https://movie.douban.com/subject/30304994/,6.3,222210,5.70%,24.80%,50.80%,16.00%,2.70%
26677981,夏天十九岁的肖像,https://movie.douban.com/subject/26677981/,4.8,10123,3.40%,12.00%,27.40%,33.00%,24.20%
26711487,决战食神,https://movie.douban.com/subject/26711487/,4.6,37056,2.50%,5.50%,31.90%,42.00%,18.00%
26415200,外公芳龄38,https://movie.douban.com/subject/26415200/,4.2,24802,1.20%,4.60%,24.90%,39.30%,30.10%
26691509,东北往事之破马张飞,https://movie.douban.com/subject/26691509/,3.5,18705,1.90%,3.10%,14.20%,30.90%,50.00%
26382962,美好的意外,https://movie.douban.com/subject/26382962/,5.5,18510,3.80%,14.20%,43.50%,30.50%,8.00%
25723583,英伦对决,https://movie.douban.com/subject/25723583/,7,218393,7.80%,41.10%,45.20%,5.20%,0.70%
1401261,遊戏规则,https://movie.douban.com/subject/1401261/,8.4,11652,38.10%,45.00%,14.90%,1.60%,0.40%
26289138,李雷和韩梅梅,https://movie.douban.com/subject/26289138/,3.7,37052,3.30%,3.60%,16.60%,26.10%,50.50%
11526817,刺客信条,https://movie.douban.com/subject/11526817/,5.3,105930,3.20%,11.80%,41.70%,34.30%,9.00%
7051830,佩小姐的奇幻城堡,https://movie.douban.com/subject/7051830/,7.2,192349,11.60%,40.80%,42.40%,4.70%,0.50%
25894431,星球大战外传：侠盗一号,https://movie.douban.com/subject/25894431/,7.3,174108,16.20%,40.90%,36.30%,5.30%,1.30%
22266320,深海浩劫,https://movie.douban.com/subject/22266320/,7,52200,7.50%,39.30%,48.60%,4.10%,0.50%
26696879,你好，疯子！,https://movie.douban.com/subject/26696879/,6.7,98622,8.80%,32.30%,44.70%,11.90%,2.30%
26425072,明月几时有,https://movie.douban.com/subject/26425072/,6.9,87531,9.00%,36.30%,44.70%,8.60%,1.40%
25884801,记忆大师,https://movie.douban.com/subject/25884801/,7.1,355282,10.20%,41.70%,40.60%,6.40%,1.00%
26761334,我心雀跃,https://movie.douban.com/subject/26761334/,6.7,17266,8.10%,31.80%,49.00%,9.30%,1.80%
26717795,健忘村,https://movie.douban.com/subject/26717795/,6.7,91259,7.70%,33.40%,45.10%,11.20%,2.50%
26770773,聊斋新编之画皮新娘,https://movie.douban.com/subject/26770773/,3,1154,5.70%,0.00%,5.70%,15.70%,72.90%
26757373,捉迷藏,https://movie.douban.com/subject/26757373/,5.4,45520,4.10%,12.60%,44.30%,28.00%,11.00%
26766397,萤火奇兵,https://movie.douban.com/subject/26766397/,null,NA,NA,NA,NA,NA,NA
26692823,建军大业,https://movie.douban.com/subject/26692823/,null,NA,NA,NA,NA,NA,NA
26772915,谜域之噬魂岭,https://movie.douban.com/subject/26772915/,null,NA,NA,NA,NA,NA,NA
25824686,变形金刚五：最后的骑士,https://movie.douban.com/subject/25824686/,4.9,243131,4.00%,8.60%,34.70%,34.50%,18.30%
26602933,绑架者,https://movie.douban.com/subject/26602933/,4.8,34834,1.80%,7.30%,35.90%,39.20%,15.80%
26661183,抢红,https://movie.douban.com/subject/26661183/,3.2,7471,2.50%,1.50%,10.40%,22.90%,62.60%
25933890,极盗车神,https://movie.douban.com/subject/25933890/,7,161368,10.60%,39.60%,42.50%,6.10%,1.10%
26606743,嫌疑人X的献身,https://movie.douban.com/subject/26606743/,6.3,289257,5.40%,23.70%,54.60%,13.90%,2.40%
26325320,血战钢锯岭,https://movie.douban.com/subject/26325320/,8.7,762548,46.50%,41.60%,10.80%,0.90%,0.20%
24753477,蜘蛛侠：英雄归来,https://movie.douban.com/subject/24753477/,7.3,420025,13.30%,44.70%,37.10%,4.10%,0.80%
26638831,最萌身高差,https://movie.douban.com/subject/26638831/,6.8,4834,10.60%,30.80%,49.60%,8.00%,1.00%
26318239,回到火星,https://movie.douban.com/subject/26318239/,5.7,11926,4.00%,14.10%,50.90%,25.50%,5.50%
26803711,阿唐奇遇,https://movie.douban.com/subject/26803711/,7,10001,13.40%,35.80%,41.50%,7.90%,1.40%
26260853,速度与激情八,https://movie.douban.com/subject/26260853/,7.1,330590,13.80%,36.00%,40.80%,7.70%,1.70%
25793398,海洋奇缘,https://movie.douban.com/subject/25793398/,7.5,179550,17.70%,44.60%,34.40%,2.90%,0.40%
25953613,恐怖笔记,https://movie.douban.com/subject/25953613/,3.5,602,6.50%,3.20%,9.70%,22.60%,58.10%
26818364,超能龙骑侠,https://movie.douban.com/subject/26818364/,null,NA,NA,NA,NA,NA,NA
26831514,功夫四侠,https://movie.douban.com/subject/26831514/,null,NA,NA,NA,NA,NA,NA
26843838,碟仙之毕业照,https://movie.douban.com/subject/26843838/,2.4,1216,1.80%,0.00%,1.80%,7.10%,89.30%
26586806,塔洛,https://movie.douban.com/subject/26586806/,7.7,18596,14.60%,58.90%,24.00%,2.20%,0.30%
26845384,蜜月计划,https://movie.douban.com/subject/26845384/,2.5,345,0.00%,2.40%,4.90%,7.30%,85.40%
26840300,食人岛,https://movie.douban.com/subject/26840300/,2.3,1112,0.00%,0.00%,3.50%,7.00%,89.50%
26818346,诡眼,https://movie.douban.com/subject/26818346/,3,448,3.00%,3.00%,9.10%,12.10%,72.70%
26865690,恐怖理发店,https://movie.douban.com/subject/26865690/,2.1,1214,0.00%,0.00%,0.00%,3.80%,96.20%
26866836,五女闹京城,https://movie.douban.com/subject/26866836/,null,NA,NA,NA,NA,NA,NA
26547005,笑林足球,https://movie.douban.com/subject/26547005/,2.8,1310,1.30%,1.30%,6.30%,17.70%,73.40%
26876505,怨灵地下室,https://movie.douban.com/subject/26876505/,null,NA,NA,NA,NA,NA,NA
3434070,太空旅客,https://movie.douban.com/subject/3434070/,6.9,204767,11.10%,35.00%,44.40%,8.40%,1.20%
26673217,我是处女座,https://movie.douban.com/subject/26673217/,2.8,2348,0.50%,1.10%,6.60%,23.50%,68.30%
26828019,有完没完,https://movie.douban.com/subject/26828019/,5.3,23267,4.10%,10.40%,42.20%,31.60%,11.70%
26382767,了不起的菲丽西,https://movie.douban.com/subject/26382767/,6.5,22954,9.50%,26.90%,46.70%,13.10%,3.80%
26876595,那年夏天你去了哪里,https://movie.douban.com/subject/26876595/,4.7,19449,3.20%,8.10%,30.60%,37.60%,20.50%
26779337,盛先生的花儿,https://movie.douban.com/subject/26779337/,6.6,3231,5.00%,32.60%,51.40%,10.30%,0.80%
26883093,惊魂绣花鞋,https://movie.douban.com/subject/26883093/,2.5,1094,1.50%,1.50%,1.50%,12.10%,83.30%
26889012,超级幼儿园,https://movie.douban.com/subject/26889012/,null,NA,NA,NA,NA,NA,NA
26598021,航海王之黄金城,https://movie.douban.com/subject/26598021/,7.6,59844,23.60%,39.00%,32.80%,3.90%,0.70%
26235351,辣警霸王花,https://movie.douban.com/subject/26235351/,3.8,2353,2.30%,2.70%,14.40%,43.20%,37.50%
26354572,欢乐好声音,https://movie.douban.com/subject/26354572/,8.1,268216,28.80%,49.00%,20.20%,1.80%,0.20%
25824009,脑残粉,https://movie.douban.com/subject/25824009/,6.6,6918,5.30%,32.40%,50.40%,9.70%,2.30%
26660834,蜡笔小新：梦境世界大突击,https://movie.douban.com/subject/26660834/,7.3,27593,16.80%,38.90%,38.30%,5.30%,0.60%
25847558,邻家大贱谍,https://movie.douban.com/subject/25847558/,6.1,31119,2.50%,17.80%,62.60%,15.50%,1.70%
3863845,钢铁骑士,https://movie.douban.com/subject/3863845/,3.7,4214,0.50%,2.30%,15.00%,45.30%,37.00%
26754831,绝世高手,https://movie.douban.com/subject/26754831/,5.9,82123,7.00%,19.60%,42.60%,22.10%,8.70%
26596486,名侦探柯南：纯黑的恶梦,https://movie.douban.com/subject/26596486/,6.1,80188,6.30%,21.50%,49.10%,18.90%,4.20%
26667083,凄灵室,https://movie.douban.com/subject/26667083/,3.5,1318,2.10%,3.10%,10.40%,35.40%,49.00%
26862259,乘风破浪,https://movie.douban.com/subject/26862259/,6.8,572453,12.40%,33.10%,40.70%,10.30%,3.50%
26718838,异星觉醒,https://movie.douban.com/subject/26718838/,6.5,147254,6.10%,29.00%,50.70%,11.50%,2.80%
26639958,春娇救志明,https://movie.douban.com/subject/26639958/,7,207186,14.00%,35.30%,40.90%,8.10%,1.70%
26667056,逆时营救,https://movie.douban.com/subject/26667056/,4.7,76938,3.30%,8.10%,30.70%,35.40%,22.50%
26668750,完美有多美,https://movie.douban.com/subject/26668750/,5.4,3691,3.80%,12.90%,45.50%,27.70%,10.20%
26831711,熊出没·奇幻空间,https://movie.douban.com/subject/26831711/,6.4,18340,12.80%,25.00%,38.10%,15.20%,8.90%
26879060,情圣,https://movie.douban.com/subject/26879060/,6,162993,6.50%,21.50%,46.50%,18.60%,6.90%
26820836,八月,https://movie.douban.com/subject/26820836/,7.1,37568,9.30%,42.20%,42.00%,5.80%,0.70%
26912427,猪猪侠之英雄猪少年,https://movie.douban.com/subject/26912427/,4.9,2559,15.60%,3.10%,26.60%,21.90%,32.80%
26928807,辛巴达与美人鱼公主,https://movie.douban.com/subject/26928807/,null,NA,NA,NA,NA,NA,NA
26921827,大卫贝肯之倒霉特工熊,https://movie.douban.com/subject/26921827/,4.5,5415,2.40%,7.20%,34.50%,26.20%,29.70%
26416774,一路逆风,https://movie.douban.com/subject/26416774/,5.2,3392,11.90%,10.00%,28.90%,24.90%,24.40%
26362746,欢乐喜剧人,https://movie.douban.com/subject/26362746/,8.4,20281,36.30%,48.70%,13.00%,1.30%,0.70%
25934014,爱乐之城,https://movie.douban.com/subject/25934014/,8.4,856725,43.10%,37.90%,16.10%,2.20%,0.60%
26616690,非凡任务,https://movie.douban.com/subject/26616690/,6.2,69207,5.20%,21.70%,55.00%,16.10%,2.00%
26388555,一万公里的约定,https://movie.douban.com/subject/26388555/,4.6,5489,4.40%,9.20%,23.90%,37.70%,24.70%
26607693,敦刻尔克,https://movie.douban.com/subject/26607693/,8.4,686453,38.70%,45.80%,14.10%,1.20%,0.30%
26907450,麻烦家族,https://movie.douban.com/subject/26907450/,4.5,18818,2.40%,6.90%,27.30%,38.90%,24.50%
35131294,心惊胆战,https://movie.douban.com/subject/35131294/,7.5,33563,20.70%,38.80%,34.20%,5.20%,1.20%
10484117,天空之眼,https://movie.douban.com/subject/10484117/,7.8,97793,19.60%,53.30%,23.40%,2.60%,1.20%
26948814,怨灵宿舍之白纸女生,https://movie.douban.com/subject/26948814/,2.2,867,1.90%,0.00%,1.90%,0.00%,96.20%
26681656,冰雪大作战,https://movie.douban.com/subject/26681656/,6,2813,5.50%,19.40%,50.20%,19.40%,5.50%
26779288,美容针,https://movie.douban.com/subject/26779288/,4.5,6296,6.20%,10.30%,20.00%,30.10%,33.50%
26950073,碟仙前传,https://movie.douban.com/subject/26950073/,null,NA,NA,NA,NA,NA,NA
26952566,来自月亮的我,https://movie.douban.com/subject/26952566/,null,NA,NA,NA,NA,NA,NA
26926321,缝纫机乐队,https://movie.douban.com/subject/26926321/,6.6,352389,11.50%,27.20%,43.40%,13.90%,4.00%
26757951,会痛的十七岁,https://movie.douban.com/subject/26757951/,3.1,5486,2.50%,2.90%,7.60%,21.10%,65.80%
26815856,疯岳撬佳人,https://movie.douban.com/subject/26815856/,3.3,12252,2.00%,2.40%,10.00%,29.00%,56.60%
26958070,通灵姐妹,https://movie.douban.com/subject/26958070/,2.1,894,0.00%,0.00%,0.00%,5.80%,94.20%
26961684,玛格丽特的春天,https://movie.douban.com/subject/26961684/,2.7,2695,0.00%,0.00%,5.30%,23.50%,71.20%
6873143,一条狗的使命,https://movie.douban.com/subject/6873143/,7.7,367713,23.50%,43.10%,29.40%,3.40%,0.60%
26969974,血伞凶灵,https://movie.douban.com/subject/26969974/,2.1,430,0.00%,0.00%,0.00%,6.30%,93.80%
26785793,斗魂之熊孩子,https://movie.douban.com/subject/26785793/,null,NA,NA,NA,NA,NA,NA
26352435,指甲刀人魔,https://movie.douban.com/subject/26352435/,4.3,10615,2.20%,5.00%,25.80%,39.60%,27.40%
26826398,杀破狼·贪狼,https://movie.douban.com/subject/26826398/,7,167431,9.90%,39.40%,43.00%,6.70%,1.10%
26882327,血狼犬,https://movie.douban.com/subject/26882327/,5.5,5202,6.30%,12.00%,45.70%,23.00%,12.90%
35139426,不期而遇,https://movie.douban.com/subject/35139426/,6.6,7378,7.60%,32.10%,43.00%,14.40%,2.90%
26751902,借眼,https://movie.douban.com/subject/26751902/,3.6,845,1.90%,1.90%,14.80%,38.90%,42.60%
35144311,雄狮,https://movie.douban.com/subject/35144311/,8.3,467255,35.30%,46.20%,15.50%,2.00%,1.00%
26816383,喜欢你,https://movie.douban.com/subject/26816383/,6.7,316841,8.90%,32.40%,45.70%,10.80%,2.10%
27042526,胡杨的夏天,https://movie.douban.com/subject/27042526/,5.1,9730,5.90%,8.30%,35.30%,34.80%,15.70%
26873820,窦娥奇冤,https://movie.douban.com/subject/26873820/,4.6,906,2.00%,13.70%,19.60%,41.20%,23.50%
26808466,提着心吊着胆,https://movie.douban.com/subject/26808466/,6.7,39083,5.90%,34.30%,51.20%,7.50%,1.20%
26995137,忠爱无言,https://movie.douban.com/subject/26995137/,7.3,33649,20.00%,36.50%,32.50%,8.70%,2.20%
26412618,六人晚餐,https://movie.douban.com/subject/26412618/,5.5,4949,4.70%,12.00%,42.90%,34.80%,5.60%
26704592,点五步,https://movie.douban.com/subject/26704592/,6.5,3846,7.40%,27.00%,51.80%,12.50%,1.40%
26387939,摔跤吧！爸爸,https://movie.douban.com/subject/26387939/,9,1524020,59.60%,33.00%,6.80%,0.50%,0.20%
26747836,喵星人  ,https://movie.douban.com/subject/26747836/,4.4,14403,4.70%,6.30%,24.50%,32.10%,32.40%
27003615,怨灵宿舍之人偶老师,https://movie.douban.com/subject/27003615/,2.1,911,0.00%,0.00%,0.00%,6.50%,93.50%
26674021,爱情冻住了,https://movie.douban.com/subject/26674021/,5.3,3368,3.20%,13.10%,37.20%,36.60%,9.90%
26605946,毒。诫,https://movie.douban.com/subject/26605946/,4.9,22044,3.20%,7.60%,36.60%,38.50%,14.10%
26753020,空天猎,https://movie.douban.com/subject/26753020/,5,66041,5.70%,10.70%,32.60%,28.00%,23.00%
26956641,小情书,https://movie.douban.com/subject/26956641/,6.1,6131,5.90%,22.10%,49.40%,16.60%,5.90%
26895979,午夜惊魂路,https://movie.douban.com/subject/26895979/,null,NA,NA,NA,NA,NA,NA
26787124,青禾男高,https://movie.douban.com/subject/26787124/,3.9,24036,1.00%,3.90%,20.40%,36.20%,38.50%
26210985,灵狼传奇,https://movie.douban.com/subject/26210985/,5.1,814,5.30%,15.80%,21.10%,44.70%,13.20%
26811587,大护法,https://movie.douban.com/subject/26811587/,7.8,352668,24.90%,45.90%,24.20%,3.90%,1.10%
26705107,豆福传,https://movie.douban.com/subject/26705107/,5.7,8082,4.20%,17.90%,44.30%,26.60%,7.00%
25872311,当怪物来敲门,https://movie.douban.com/subject/25872311/,7.2,46473,14.40%,37.90%,41.20%,5.70%,0.80%
27030855,我的爸爸是国王,https://movie.douban.com/subject/27030855/,null,NA,NA,NA,NA,NA,NA
26776397,内心引力,https://movie.douban.com/subject/26776397/,7,3887,15.00%,33.50%,39.70%,10.50%,1.30%
26839466,哆啦A梦：大雄的南极冰冰凉大冒险,https://movie.douban.com/subject/26839466/,6.5,28466,8.70%,24.00%,53.30%,12.00%,2.10%
26596836,以爱为名,https://movie.douban.com/subject/26596836/,null,NA,NA,NA,NA,NA,NA
25980443,海边的曼彻斯特,https://movie.douban.com/subject/25980443/,8.6,506895,43.80%,43.40%,11.50%,1.00%,0.20%
27034867,异兽来袭,https://movie.douban.com/subject/27034867/,4,1014,3.00%,3.00%,23.90%,31.30%,38.80%
27036467,麻辣学院,https://movie.douban.com/subject/27036467/,2.7,581,2.20%,2.20%,2.20%,13.30%,80.00%
26916202,血战湘江,https://movie.douban.com/subject/26916202/,null,NA,NA,NA,NA,NA,NA
26877237,29+1,https://movie.douban.com/subject/26877237/,7.1,39943,12.10%,40.00%,41.20%,5.90%,0.80%
27038491,诡异酒楼,https://movie.douban.com/subject/27038491/,2.4,759,2.30%,0.00%,2.30%,4.50%,90.90%
26820394,功夫小兔侠,https://movie.douban.com/subject/26820394/,null,NA,NA,NA,NA,NA,NA
24714697,银河守卫队,https://movie.douban.com/subject/24714697/,5.5,969,2.30%,20.90%,37.20%,29.10%,10.50%
26264454,声之形,https://movie.douban.com/subject/26264454/,6.8,155039,14.60%,30.70%,38.90%,12.10%,3.70%
27041577,惊门,https://movie.douban.com/subject/27041577/,null,NA,NA,NA,NA,NA,NA
26857793,原谅他77次,https://movie.douban.com/subject/26857793/,6.4,57667,6.90%,25.30%,50.40%,14.70%,2.80%
22266475,惊天解密,https://movie.douban.com/subject/22266475/,5.8,4798,1.60%,13.50%,58.00%,25.10%,1.80%
24840629,因为爱情,https://movie.douban.com/subject/24840629/,4.6,6632,6.10%,7.50%,27.60%,29.70%,29.10%
26606242,冈仁波齐,https://movie.douban.com/subject/26606242/,7.7,140672,23.80%,45.70%,25.60%,3.60%,1.30%
35322678,此情此刻,https://movie.douban.com/subject/35322678/,7.3,126,11.30%,47.20%,38.70%,2.80%,0.00%
27067697,冯梦龙传奇,https://movie.douban.com/subject/27067697/,6.7,2019,13.50%,30.10%,36.80%,14.70%,4.90%
26425068,追龙,https://movie.douban.com/subject/26425068/,7.2,341488,11.70%,43.40%,38.70%,5.30%,0.90%
27045442,钢铁飞龙之再见奥特曼,https://movie.douban.com/subject/27045442/,2.6,5960,3.00%,2.20%,2.20%,8.20%,84.30%
26955948,我是谁的宝贝,https://movie.douban.com/subject/26955948/,null,NA,NA,NA,NA,NA,NA
27078038,怪物岛,https://movie.douban.com/subject/27078038/,4.9,915,1.20%,7.10%,38.10%,41.70%,11.90%
27107261,一路向爱,https://movie.douban.com/subject/27107261/,null,NA,NA,NA,NA,NA,NA
27046450,我的爸爸是森林之王,https://movie.douban.com/subject/27046450/,6.2,5118,5.90%,19.20%,57.70%,15.10%,2.10%
27158354,童话先生,https://movie.douban.com/subject/27158354/,null,NA,NA,NA,NA,NA,NA